source_root_id,relative_path,source_kind,source_sha256,pixel_sha256,stable_image_id,shape_y,shape_x,frames,channels,dtype,bit_depth,min,max,mean,std,p0,p0_1,p1,p5,p25,p50,p75,p95,p99,p99_9,p100,saturation_value,saturation_count,zero_count,culture_id,disease,tau_isoform,experimental_condition,div,div_token,series_index,filename_prefix,acquisition_group,experimental_group_id,parse_status,deprecated_inferred_pn,deprecated_inferred_round,deprecated_inferred_condition,deprecated_inferred_div,deprecated_biological_group_candidate,file_duplicate_group,pixel_duplicate_group,thumbnail_duplicate_group,near_duplicate_candidate_group,near_duplicate_score,near_duplicate_method,validation_flags,intended_split_status,blank_status,validation_source,validator_role,validation_date,notes
sted_blank_data,PN148_3R_AD_DIV15 (Series 0) [1].tif,blank_background,53928f9afb722b049c6bac78c201cdc1efc05e5f6f849a43a26a722ee2022d43,63789084199abfa622a73d671f07fcf7e3e43a666f42a6cd288234dc3382fa1d,img_22b8bcb88a805b153993,1024,1024,1,1,uint8,8,0,56,4.13265,3.43368,0,0,0,0,1,3,6,11,14,19,56,255,0,118185,PN148,AD,3R,AD_3R,15,DIV15,0,PN148_3R_AD_DIV15,PN148_3R_AD_DIV15,PN148_AD_3R_DIV15,parsed,PN148,3R,AD,DIV15,PN148_AD_3R_DIV15,none,none,none,none,not_applicable,normalized_thumbnail_ncc_threshold_0.995,none,unassigned,expert_validated,human_expert_review,STED expert,not_recorded,Expert-validated fiber-free blank; automated flags are QC only.
sted_blank_data,PN148_3R_AD_DIV15 (Series 1) [1].tif,blank_background,2d058a635107e4f03c3ed794af6f6db6aa3f49d2abaf940b454748e5291ba54e,2b394a3fee5bc8727f3cc9bef9095dcf40465b9bde9d2b9fcc0232b180b1a8cc,img_52fd567a6489c2ee806f,1024,1024,1,1,uint8,8,0,49,7.55308,5.29798,0,0,0,0,3,8,11,18,23,29,49,255,0,59778,PN148,AD,3R,AD_3R,15,DIV15,1,PN148_3R_AD_DIV15,PN148_3R_AD_DIV15,PN148_AD_3R_DIV15,parsed,PN148,3R,AD,DIV15,PN148_AD_3R_DIV15,none,none,none,none,not_applicable,normalized_thumbnail_ncc_threshold_0.995,none,unassigned,expert_validated,human_expert_review,STED expert,not_recorded,Expert-validated fiber-free blank; automated flags are QC only.
sted_blank_data,PN148_3R_AD_DIV15 (Series 10) [1].tif,blank_background,41604531d899f26e8938dce3e82f40ba3458089810db7772647b2a015bdf1237,689934940650ca5fecb212748ab9ae64606cfe092a130f124c65faafa84dd9d6,img_e346ea478db12b518ac8,1024,1024,1,1,uint8,8,0,37,4.68809,3.91641,0,0,0,0,1,4,8,13,16,21,37,255,0,144000,PN148,AD,3R,AD_3R,15,DIV15,10,PN148_3R_AD_DIV15,PN148_3R_AD_DIV15,PN148_AD_3R_DIV15,parsed,PN148,3R,AD,DIV15,PN148_AD_3R_DIV15,none,none,none,none,not_applicable,normalized_thumbnail_ncc_threshold_0.995,none,unassigned,expert_validated,human_expert_review,STED expert,not_recorded,Expert-validated fiber-free blank; automated flags are QC only.
sted_blank_data,PN148_3R_AD_DIV15 (Series 11) [1].tif,blank_background,84d9923758ef84f0333147df084bcdf10284fc1f8b39e0c7fff9743622395f4b,fad734949e2d456f2f247771b803833424e81095c0d7a58338b866b7ad02bf4d,img_6fcc906a6259240a019e,1024,1024,1,1,uint8,8,0,41,5.71854,4.63623,0,0,0,0,3,4,9,14,19,24,41,255,0,96965,PN148,AD,3R,AD_3R,15,DIV15,11,PN148_3R_AD_DIV15,PN148_3R_AD_DIV15,PN148_AD_3R_DIV15,parsed,PN148,3R,AD,DIV15,PN148_AD_3R_DIV15,none,none,none,none,not_applicable,normalized_thumbnail_ncc_threshold_0.995,none,unassigned,expert_validated,human_expert_review,STED expert,not_recorded,Expert-validated fiber-free blank; automated flags are QC only.
sted_blank_data,PN148_3R_AD_DIV15 (Series 12) [1].tif,blank_background,4378e4a4db24f8f0045c7df94814a8b3143dbbbd347e135a9a421e4802b25451,1d748f57c22b44eea4bea3f8aa7d8e285ea5f204440ddeae8ef6af6055865380,img_a538de08cfa15ee606a9,1024,1024,1,1,uint8,8,0,37,5.18663,3.9591,0,0,0,0,3,4,8,13,16,23,37,255,0,84144,PN148,AD,3R,AD_3R,15,DIV15,12,PN148_3R_AD_DIV15,PN148_3R_AD_DIV15,PN148_AD_3R_DIV15,parsed,PN148,3R,AD,DIV15,PN148_AD_3R_DIV15,none,none,none,none,not_applicable,normalized_thumbnail_ncc_threshold_0.995,none,unassigned,expert_validated,human_expert_review,STED expert,not_recorded,Expert-validated fiber-free blank; automated flags are QC only.
sted_blank_data,PN148_3R_AD_DIV15 (Series 13) [1].tif,blank_background,8fe54af41f482dc6c8bef0a3e2dc90cb60036aa4d11a83693e20df039766f8c0,87649d4b85b69b899cdcf8afd4e9ac4bbbeff93169c4deacea058e224c14a9b4,img_44974790651d1b7badfa,1024,1024,1,1,uint8,8,0,44,5.56618,4.24933,0,0,0,0,3,4,8,14,18,24,44,255,0,80857,PN148,AD,3R,AD_3R,15,DIV15,13,PN148_3R_AD_DIV15,PN148_3R_AD_DIV15,PN148_AD_3R_DIV15,parsed,PN148,3R,AD,DIV15,PN148_AD_3R_DIV15,none,none,none,none,not_applicable,normalized_thumbnail_ncc_threshold_0.995,none,unassigned,expert_validated,human_expert_review,STED expert,not_recorded,Expert-validated fiber-free blank; automated flags are QC only.
sted_blank_data,PN148_3R_AD_DIV15 (Series 14) [1].tif,blank_background,dd161396fef820d440cb275eb1a0e955fb1dd6baecda1edfa330e32184b2b26c,3756829c12cda4df320ad7f10f116cc52b111b8f4deadd367db465e8cd3bc4c4,img_1ba419dc88931db47c8c,1024,1024,1,1,uint8,8,0,42,2.79419,2.87282,0,0,0,0,1,3,4,8,13,16,42,255,0,260767,PN148,AD,3R,AD_3R,15,DIV15,14,PN148_3R_AD_DIV15,PN148_3R_AD_DIV15,PN148_AD_3R_DIV15,parsed,PN148,3R,AD,DIV15,PN148_AD_3R_DIV15,none,none,none,none,not_applicable,normalized_thumbnail_ncc_threshold_0.995,none,unassigned,expert_validated,human_expert_review,STED expert,not_recorded,Expert-validated fiber-free blank; automated flags are QC only.
sted_blank_data,PN148_3R_AD_DIV15 (Series 2) [1].tif,blank_background,297f06db7d9d80b869e95ad0f2dfacc1fe1b19a7bf0def8c0bdafdfacf2a5de2,df3e029e5351d994608f07e67ecd308fa9787f95bdb73af9d142366274c457cd,img_ca042c3dcfcf09035923,1024,1024,1,1,uint8,8,0,36,4.09139,3.3423,0,0,0,0,1,3,6,11,14,19,36,255,0,124640,PN148,AD,3R,AD_3R,15,DIV15,2,PN148_3R_AD_DIV15,PN148_3R_AD_DIV15,PN148_AD_3R_DIV15,parsed,PN148,3R,AD,DIV15,PN148_AD_3R_DIV15,none,none,none,none,not_applicable,normalized_thumbnail_ncc_threshold_0.995,none,unassigned,expert_validated,human_expert_review,STED expert,not_recorded,Expert-validated fiber-free blank; automated flags are QC only.
sted_blank_data,PN148_3R_AD_DIV15 (Series 3) [1].tif,blank_background,e80b5151baa1699d842c828669568e10ba0d2c9d3f1228bbf7f2e3eaf3d0ff8e,4b492b7a22637c9dbd24eb011adf00e397784a01c2e7d9b2ff4779a3e68f97e7,img_0edb6472854aea980f2a,1024,1024,1,1,uint8,8,0,61,10.4273,6.97532,0,0,0,1,4,9,14,23,29,36,61,255,0,45755,PN148,AD,3R,AD_3R,15,DIV15,3,PN148_3R_AD_DIV15,PN148_3R_AD_DIV15,PN148_AD_3R_DIV15,parsed,PN148,3R,AD,DIV15,PN148_AD_3R_DIV15,none,none,none,none,not_applicable,normalized_thumbnail_ncc_threshold_0.995,none,unassigned,expert_validated,human_expert_review,STED expert,not_recorded,Expert-validated fiber-free blank; automated flags are QC only.
sted_blank_data,PN148_3R_AD_DIV15 (Series 4) [1].tif,blank_background,67dc3f78f5a8da27fcdf07711c2e5d4670ea13d6686ae4ecc5f27067139cd714,d35ea303467ad80f1bec1327ea7bf02ac5d0fe5388fd3ccadb89be4cf67b25cd,img_e5db75d93a225639e3a4,1024,1024,1,1,uint8,8,0,39,6.17381,4.34764,0,0,0,0,3,6,9,14,19,24,39,255,0,66932,PN148,AD,3R,AD_3R,15,DIV15,4,PN148_3R_AD_DIV15,PN148_3R_AD_DIV15,PN148_AD_3R_DIV15,parsed,PN148,3R,AD,DIV15,PN148_AD_3R_DIV15,none,none,none,none,not_applicable,normalized_thumbnail_ncc_threshold_0.995,none,unassigned,expert_validated,human_expert_review,STED expert,not_recorded,Expert-validated fiber-free blank; automated flags are QC only.
sted_blank_data,PN148_3R_AD_DIV15 (Series 5) [1].tif,blank_background,a59e90ee6c250133d557be3871ed03dabc7cf24979844dec95d692589bb4b8ab,3acdfef7d91f2c6598a9a64e64eb5080baf41e5ed6326ef25a703a2067b9e0b6,img_e365a76f42760dd466b9,1024,1024,1,1,uint8,8,0,36,4.25617,3.59132,0,0,0,0,1,4,6,11,14,19.85,36,255,0,130461,PN148,AD,3R,AD_3R,15,DIV15,5,PN148_3R_AD_DIV15,PN148_3R_AD_DIV15,PN148_AD_3R_DIV15,parsed,PN148,3R,AD,DIV15,PN148_AD_3R_DIV15,none,none,none,none,not_applicable,normalized_thumbnail_ncc_threshold_0.995,none,unassigned,expert_validated,human_expert_review,STED expert,not_recorded,Expert-validated fiber-free blank; automated flags are QC only.
sted_blank_data,PN148_3R_AD_DIV15 (Series 6) [1].tif,blank_background,3b6cb1e66209766017bdec88b494c256100f7b293d9bfc1b028acc43de47b938,1c29fda749d6e2fd8f9ff8e72ef9dad823798557bc7c814b8fa223583df98465,img_7902deec8b57c29e9a62,1024,1024,1,1,uint8,8,0,36,3.06058,2.93244,0,0,0,0,1,3,4,9,13,18,36,255,0,191378,PN148,AD,3R,AD_3R,15,DIV15,6,PN148_3R_AD_DIV15,PN148_3R_AD_DIV15,PN148_AD_3R_DIV15,parsed,PN148,3R,AD,DIV15,PN148_AD_3R_DIV15,none,none,none,none,not_applicable,normalized_thumbnail_ncc_threshold_0.995,none,unassigned,expert_validated,human_expert_review,STED expert,not_recorded,Expert-validated fiber-free blank; automated flags are QC only.
sted_blank_data,PN148_3R_AD_DIV15 (Series 7) [1].tif,blank_background,186070633e9592a9cb650ab9a3bc34170be974b0c7b6f1e2f47b0e0fef47dfa3,e5c6a8d4d99d925c76ab297c6a31ae305927cb1bc4748e217fc7d86f73c99bba,img_fe985fa79b4211834161,1024,1024,1,1,uint8,8,0,41,3.09623,2.82878,0,0,0,0,1,3,4,9,13,16,41,255,0,182640,PN148,AD,3R,AD_3R,15,DIV15,7,PN148_3R_AD_DIV15,PN148_3R_AD_DIV15,PN148_AD_3R_DIV15,parsed,PN148,3R,AD,DIV15,PN148_AD_3R_DIV15,none,none,none,none,not_applicable,normalized_thumbnail_ncc_threshold_0.995,none,unassigned,expert_validated,human_expert_review,STED expert,not_recorded,Expert-validated fiber-free blank; automated flags are QC only.
sted_blank_data,PN148_3R_AD_DIV15 (Series 8) [1].tif,blank_background,b7154209002bc36271931190233128c6d07ce40e2f2a0895ec4e2845b84588a9,fcb7df466dd1455a93665811252c6f1c754c52f8c7911e69b80bc169f07ee09a,img_5882372f16349d4ccf22,1024,1024,1,1,uint8,8,0,49,6.42289,5.43361,0,0,0,0,3,6,9,16,22,28,49,255,0,118588,PN148,AD,3R,AD_3R,15,DIV15,8,PN148_3R_AD_DIV15,PN148_3R_AD_DIV15,PN148_AD_3R_DIV15,parsed,PN148,3R,AD,DIV15,PN148_AD_3R_DIV15,none,none,none,none,not_applicable,normalized_thumbnail_ncc_threshold_0.995,none,unassigned,expert_validated,human_expert_review,STED expert,not_recorded,Expert-validated fiber-free blank; automated flags are QC only.
sted_blank_data,PN148_3R_AD_DIV15 (Series 9) [1].tif,blank_background,fbca9d269628e4dba38b32dea5af9c7ad82f35aa69588fa06a26a7c26af97555,7d84bf1b4e15fc455d9b4e95484aecb042f9e8c168f2bdab702e051483f57837,img_1672f71f16b77dc4d642,1024,1024,1,1,uint8,8,0,36,3.60359,3.18707,0,0,0,0,1,3,6,9,14,19,36,255,0,139027,PN148,AD,3R,AD_3R,15,DIV15,9,PN148_3R_AD_DIV15,PN148_3R_AD_DIV15,PN148_AD_3R_DIV15,parsed,PN148,3R,AD,DIV15,PN148_AD_3R_DIV15,none,none,none,none,not_applicable,normalized_thumbnail_ncc_threshold_0.995,none,unassigned,expert_validated,human_expert_review,STED expert,not_recorded,Expert-validated fiber-free blank; automated flags are QC only.
sted_blank_data,PN148_3R_PID_DIV10 (Series 0) [1].tif,blank_background,a720720e8478368f14f6f8ee8e2f61362110701c593e3c0f491c0ebc03bf499f,8d8bb0cded265f0d568afc6a8c9d051cd7c6717087858c987a51b98b13a77298,img_57d3081a023bc4ed425e,1024,1024,1,1,uint8,8,0,97,7.59215,9.6472,0,0,0,0,1,4,9,28,42.25,64,97,255,0,136721,PN148,PID,3R,PID_3R,10,DIV10,0,PN148_3R_PID_DIV10,PN148_3R_PID_DIV10,PN148_PID_3R_DIV10,parsed,PN148,3R,PID,DIV10,PN148_PID_3R_DIV10,none,none,none,none,not_applicable,normalized_thumbnail_ncc_threshold_0.995,none,unassigned,expert_validated,human_expert_review,STED expert,not_recorded,Expert-validated fiber-free blank; automated flags are QC only.
sted_blank_data,PN148_3R_PID_DIV10 (Series 1) [1].tif,blank_background,1424c69392a1b3c218fdb46d35d6ed4e393ae1f0802aac6fd6f2eb591f53aef8,f7e6448febb4b34efbdace03d4989989d72ccfdcf2f02ec24a0cac128a0d8b3d,img_94ceca68616646b10924,1024,1024,1,1,uint8,8,0,51,5.2414,5.18385,0,0,0,0,1,4,8,16,22,31,51,255,0,144673,PN148,PID,3R,PID_3R,10,DIV10,1,PN148_3R_PID_DIV10,PN148_3R_PID_DIV10,PN148_PID_3R_DIV10,parsed,PN148,3R,PID,DIV10,PN148_PID_3R_DIV10,none,none,none,none,not_applicable,normalized_thumbnail_ncc_threshold_0.995,none,unassigned,expert_validated,human_expert_review,STED expert,not_recorded,Expert-validated fiber-free blank; automated flags are QC only.
sted_blank_data,PN148_3R_PID_DIV10 (Series 10) [1].tif,blank_background,92e5883be378c515bedea3ac0c2259fc320a5f04c3260caaca790180d5bebcea,f5d8766ee04729d988cfb94e9bc1a42c90599f737fe97675a373aef909e773bb,img_805765bc5e62c0da37aa,1024,1024,1,1,uint8,8,0,44,3.50612,3.58612,0,0,0,0,1,3,4,11,16,23,44,255,0,183915,PN148,PID,3R,PID_3R,10,DIV10,10,PN148_3R_PID_DIV10,PN148_3R_PID_DIV10,PN148_PID_3R_DIV10,parsed,PN148,3R,PID,DIV10,PN148_PID_3R_DIV10,none,none,none,none,not_applicable,normalized_thumbnail_ncc_threshold_0.995,none,unassigned,expert_validated,human_expert_review,STED expert,not_recorded,Expert-validated fiber-free blank; automated flags are QC only.
sted_blank_data,PN148_3R_PID_DIV10 (Series 11) [1].tif,blank_background,d3c755770f1b86164a96d3fbd7b823a65c0a6625ae23a6cef311fe6d30b580c8,6f4eb7ebb5868d937f0649caea59425142cb7297bfc905844f9ac2f6c86a0fcb,img_8e8d01b23af815bfbb96,1024,1024,1,1,uint8,8,0,87,5.06374,4.04987,0,0,0,0,3,4,8,13,18,27,87,255,0,74069,PN148,PID,3R,PID_3R,10,DIV10,11,PN148_3R_PID_DIV10,PN148_3R_PID_DIV10,PN148_PID_3R_DIV10,parsed,PN148,3R,PID,DIV10,PN148_PID_3R_DIV10,none,none,none,none,not_applicable,normalized_thumbnail_ncc_threshold_0.995,none,unassigned,expert_validated,human_expert_review,STED expert,not_recorded,Expert-validated fiber-free blank; automated flags are QC only.
sted_blank_data,PN148_3R_PID_DIV10 (Series 12) [1].tif,blank_background,feed407cf6781ad597e634c9eda13135c2fa6098ea20554822a16021d2a8be48,826542ebfe0581177608d4b1967e0e8fbdc211f96f5c51e0a601fec970bb95c3,img_06e6444a28b393d9c6d5,1024,1024,1,1,uint8,8,0,72,5.75791,4.07447,0,0,0,0,3,4,8,13,18,24,72,255,0,52940,PN148,PID,3R,PID_3R,10,DIV10,12,PN148_3R_PID_DIV10,PN148_3R_PID_DIV10,PN148_PID_3R_DIV10,parsed,PN148,3R,PID,DIV10,PN148_PID_3R_DIV10,none,none,none,none,not_applicable,normalized_thumbnail_ncc_threshold_0.995,none,unassigned,expert_validated,human_expert_review,STED expert,not_recorded,Expert-validated fiber-free blank; automated flags are QC only.
sted_blank_data,PN148_3R_PID_DIV10 (Series 13) [1].tif,blank_background,113b2a17fa057822cbf862cbb51e80a4ba503837ff7f027ce4b313bfd4b639ca,4451c87027a508d808da8c99752c4bb15701d17dc7e6cb6975622bc7cc23ded8,img_0f46f20cbb8877572a9b,1024,1024,1,1,uint8,8,0,66,2.78829,2.93282,0,0,0,0,1,3,4,8,13,18,66,255,0,236988,PN148,PID,3R,PID_3R,10,DIV10,13,PN148_3R_PID_DIV10,PN148_3R_PID_DIV10,PN148_PID_3R_DIV10,parsed,PN148,3R,PID,DIV10,PN148_PID_3R_DIV10,none,none,none,none,not_applicable,normalized_thumbnail_ncc_threshold_0.995,none,unassigned,expert_validated,human_expert_review,STED expert,not_recorded,Expert-validated fiber-free blank; automated flags are QC only.
sted_blank_data,PN148_3R_PID_DIV10 (Series 14) [1].tif,blank_background,7f42888d11a6e47b5c26a7562ede5b2439997fb0b935c32baa1a03ff963ceaa2,4791494a1ee1f4e0d06840ab10a31d5671c508005b2ec524782622799b2e2476,img_3e48ea79cdd6eb2f3608,1024,1024,1,1,uint8,8,0,39,3.09904,2.95519,0,0,0,0,1,3,4,9,13,18,39,255,0,189714,PN148,PID,3R,PID_3R,10,DIV10,14,PN148_3R_PID_DIV10,PN148_3R_PID_DIV10,PN148_PID_3R_DIV10,parsed,PN148,3R,PID,DIV10,PN148_PID_3R_DIV10,none,none,none,none,not_applicable,normalized_thumbnail_ncc_threshold_0.995,none,unassigned,expert_validated,human_expert_review,STED expert,not_recorded,Expert-validated fiber-free blank; automated flags are QC only.
sted_blank_data,PN148_3R_PID_DIV10 (Series 2) [1].tif,blank_background,3355f3ecec76967f13fe9b754a81e94e25af5756a306251b278b707ddcb01f47,6c3c0426e6ffbe4b1e763c2136b58777f4063cb2a4969a687a78dcaafe0f11bc,img_abf6a940f9676a485bfb,1024,1024,1,1,uint8,8,0,61,6.88556,8.06394,0,0,0,0,1,3,11,24,32,41,61,255,0,211208,PN148,PID,3R,PID_3R,10,DIV10,2,PN148_3R_PID_DIV10,PN148_3R_PID_DIV10,PN148_PID_3R_DIV10,parsed,PN148,3R,PID,DIV10,PN148_PID_3R_DIV10,none,none,none,none,not_applicable,normalized_thumbnail_ncc_threshold_0.995,none,unassigned,expert_validated,human_expert_review,STED expert,not_recorded,Expert-validated fiber-free blank; automated flags are QC only.
sted_blank_data,PN148_3R_PID_DIV10 (Series 3) [1].tif,blank_background,2991a39f2d51209b2c1d1601248bad7d34bcb4d8959a805ee8c935b2729b84dc,d4f1939f97691841ca3d439e87842072a02df35ed59f064437b399bd575b22fa,img_071f2eb0e8624d5adc25,1024,1024,1,1,uint8,8,0,145,4.85129,4.63339,0,0,0,0,1,4,8,13,18,36,145,255,0,149017,PN148,PID,3R,PID_3R,10,DIV10,3,PN148_3R_PID_DIV10,PN148_3R_PID_DIV10,PN148_PID_3R_DIV10,parsed,PN148,3R,PID,DIV10,PN148_PID_3R_DIV10,none,none,none,none,not_applicable,normalized_thumbnail_ncc_threshold_0.995,none,unassigned,expert_validated,human_expert_review,STED expert,not_recorded,Expert-validated fiber-free blank; automated flags are QC only.
sted_blank_data,PN148_3R_PID_DIV10 (Series 4) [1].tif,blank_background,5cffc04bce85e8bc739116e6c5e7c5fea1876b10849530a012315efed06f0b7d,a2dd08d6df542645612ea74bd195beafaec594f9928a4b9b6920e46f09469940,img_995ca957d2d911f16a9e,1024,1024,1,1,uint8,8,0,82,7.62192,6.11774,0,0,0,0,3,6,11,19,26,34,82,255,0,69475,PN148,PID,3R,PID_3R,10,DIV10,4,PN148_3R_PID_DIV10,PN148_3R_PID_DIV10,PN148_PID_3R_DIV10,parsed,PN148,3R,PID,DIV10,PN148_PID_3R_DIV10,none,none,none,none,not_applicable,normalized_thumbnail_ncc_threshold_0.995,none,unassigned,expert_validated,human_expert_review,STED expert,not_recorded,Expert-validated fiber-free blank; automated flags are QC only.
sted_blank_data,PN148_3R_PID_DIV10 (Series 5) [1].tif,blank_background,a176492066ee9f4e4e7355f7c58563ac4277a52468410cc8885d29c4ae5f44b2,90d6eb85a84bbca8c437b58d08188353c6b52def1c88ae27578936675dbabb51,img_197a1eda9c7e380a79bc,1024,1024,1,1,uint8,8,0,65,5.08165,4.93225,0,0,0,0,1,4,8,14,19,27,65,255,0,211125,PN148,PID,3R,PID_3R,10,DIV10,5,PN148_3R_PID_DIV10,PN148_3R_PID_DIV10,PN148_PID_3R_DIV10,parsed,PN148,3R,PID,DIV10,PN148_PID_3R_DIV10,none,none,none,none,not_applicable,normalized_thumbnail_ncc_threshold_0.995,none,unassigned,expert_validated,human_expert_review,STED expert,not_recorded,Expert-validated fiber-free blank; automated flags are QC only.
sted_blank_data,PN148_3R_PID_DIV10 (Series 6) [1].tif,blank_background,569dbe00b3311a4de615df9dc96b167a052428e4e5a56904c7ded8a0b58cf2c4,7d490d09d2733fcff94b520069030bfa1d172cb9936c3993683503a8e6905298,img_06d36760bbaf9a2f347b,1024,1024,1,1,uint8,8,0,152,6.52051,5.84379,0,0,0,0,3,6,9,18,24,42,152,255,0,85010,PN148,PID,3R,PID_3R,10,DIV10,6,PN148_3R_PID_DIV10,PN148_3R_PID_DIV10,PN148_PID_3R_DIV10,parsed,PN148,3R,PID,DIV10,PN148_PID_3R_DIV10,none,none,none,none,not_applicable,normalized_thumbnail_ncc_threshold_0.995,none,unassigned,expert_validated,human_expert_review,STED expert,not_recorded,Expert-validated fiber-free blank; automated flags are QC only.
sted_blank_data,PN148_3R_PID_DIV10 (Series 7) [1].tif,blank_background,0998685d2fd53596825954300ad7a620258d46bcea8788c3e61f847fe9d6add4,90230c18cdd7cb289a133c54ba0a6e6bfb8bec5757df33c8789351c3554250e9,img_2677af2396cd59353057,1024,1024,1,1,uint8,8,0,77,5.03359,4.38311,0,0,0,0,1,4,8,14,19,26,77,255,0,113737,PN148,PID,3R,PID_3R,10,DIV10,7,PN148_3R_PID_DIV10,PN148_3R_PID_DIV10,PN148_PID_3R_DIV10,parsed,PN148,3R,PID,DIV10,PN148_PID_3R_DIV10,none,none,none,none,not_applicable,normalized_thumbnail_ncc_threshold_0.995,none,unassigned,expert_validated,human_expert_review,STED expert,not_recorded,Expert-validated fiber-free blank; automated flags are QC only.
sted_blank_data,PN148_3R_PID_DIV10 (Series 8) [1].tif,blank_background,8d5a3759c5cb5796ff5f45c40f1c3b9ebdf819ed1f63f1d9820b594fc9c28602,83cb4a2fe7761bb1e1251626887eeda1f5db82ed5b4ff92c907ed113be28c0ba,img_38b3a73612601c2365dc,1024,1024,1,1,uint8,8,0,159,5.80223,5.01087,0,0,0,0,3,4,8,14,19,36,159,255,0,104042,PN148,PID,3R,PID_3R,10,DIV10,8,PN148_3R_PID_DIV10,PN148_3R_PID_DIV10,PN148_PID_3R_DIV10,parsed,PN148,3R,PID,DIV10,PN148_PID_3R_DIV10,none,none,none,none,not_applicable,normalized_thumbnail_ncc_threshold_0.995,none,unassigned,expert_validated,human_expert_review,STED expert,not_recorded,Expert-validated fiber-free blank; automated flags are QC only.
sted_blank_data,PN148_3R_PID_DIV10 (Series 9) [1].tif,blank_background,c79c3420b682834a4a5622e44f04427c17e92ffd3f5d14c8144d3175cfb1ffbe,158f3ad7e4d6d836c68d3e26e8eab955e3f90166ab3bea1aee8227573a672084,img_17506389406a99cb56d1,1024,1024,1,1,uint8,8,0,61,6.48049,6.04522,0,0,0,0,3,4,9,19,26,36,61,255,0,92904,PN148,PID,3R,PID_3R,10,DIV10,9,PN148_3R_PID_DIV10,PN148_3R_PID_DIV10,PN148_PID_3R_DIV10,parsed,PN148,3R,PID,DIV10,PN148_PID_3R_DIV10,none,none,none,none,not_applicable,normalized_thumbnail_ncc_threshold_0.995,none,unassigned,expert_validated,human_expert_review,STED expert,not_recorded,Expert-validated fiber-free blank; automated flags are QC only.
sted_blank_data,PN148_4R_AD_DIV13 (Series 0) [1].tif,blank_background,00f0340bbafd26dd78a297fa1948289d66591f2dba24b9f0fbdf9243508f692c,81d6e17192070fccf79b2b097e8bb3e70fc8bd52ca3e037d55033a07ecba7622,img_1093d39c10b8866240ef,1024,1024,1,1,uint8,8,0,52,9.3808,7.22006,0,0,0,0,3,8,14,23,29,36,52,255,0,62938,PN148,AD,4R,AD_4R,13,DIV13,0,PN148_4R_AD_DIV13,PN148_4R_AD_DIV13,PN148_AD_4R_DIV13,parsed,PN148,4R,AD,DIV13,PN148_AD_4R_DIV13,none,none,none,none,not_applicable,normalized_thumbnail_ncc_threshold_0.995,none,unassigned,expert_validated,human_expert_review,STED expert,not_recorded,Expert-validated fiber-free blank; automated flags are QC only.
sted_blank_data,PN148_4R_AD_DIV13 (Series 1) [1].tif,blank_background,b571f08d97dc55cb02345b97cb1c9f1dea35209d24905647d8ad1d00563d8354,2b29022dc0ec8614dc93b23543d006c4ad9a19c68cd0bdb6c8449488a77653c4,img_4d9d3625c64a57acb19e,1024,1024,1,1,uint8,8,0,54,10.4297,7.08124,0,0,0,1,4,9,14,23,29,37,54,255,0,28319,PN148,AD,4R,AD_4R,13,DIV13,1,PN148_4R_AD_DIV13,PN148_4R_AD_DIV13,PN148_AD_4R_DIV13,parsed,PN148,4R,AD,DIV13,PN148_AD_4R_DIV13,none,none,none,none,not_applicable,normalized_thumbnail_ncc_threshold_0.995,none,unassigned,expert_validated,human_expert_review,STED expert,not_recorded,Expert-validated fiber-free blank; automated flags are QC only.
sted_blank_data,PN148_4R_AD_DIV13 (Series 10) [1].tif,blank_background,ab8bf7d635475c705e6fabf596a3b049b14efd19336ecc16dfbfaf70585b4e5b,765363be95ea5377d437afc3968ecf77a7406b649771d8969dca49d8a3850915,img_10b1191cd6b41696b305,1024,1024,1,1,uint8,8,0,59,8.55899,6.35376,0,0,0,0,3,8,13,21,26,34,59,255,0,52958,PN148,AD,4R,AD_4R,13,DIV13,10,PN148_4R_AD_DIV13,PN148_4R_AD_DIV13,PN148_AD_4R_DIV13,parsed,PN148,4R,AD,DIV13,PN148_AD_4R_DIV13,none,none,none,none,not_applicable,normalized_thumbnail_ncc_threshold_0.995,strong_row_or_column_variation,unassigned,expert_validated,human_expert_review,STED expert,not_recorded,Expert-validated fiber-free blank; automated flags are QC only.
sted_blank_data,PN148_4R_AD_DIV13 (Series 11) [1].tif,blank_background,a5ab01a21e226776fc2a24ce3f1aa0a8fd8a3fd6d5dbbccd0b7481c01537f46a,a08c6179bcd2ea5ca1f87623585044fc390614ea918f361a661aa1e3a4cb0252,img_f40f7e407dc3b95780c6,1024,1024,1,1,uint8,8,0,49,7.6175,6.07757,0,0,0,0,3,8,11,19,24,31,49,255,0,137122,PN148,AD,4R,AD_4R,13,DIV13,11,PN148_4R_AD_DIV13,PN148_4R_AD_DIV13,PN148_AD_4R_DIV13,parsed,PN148,4R,AD,DIV13,PN148_AD_4R_DIV13,none,none,none,none,not_applicable,normalized_thumbnail_ncc_threshold_0.995,none,unassigned,expert_validated,human_expert_review,STED expert,not_recorded,Expert-validated fiber-free blank; automated flags are QC only.
sted_blank_data,PN148_4R_AD_DIV13 (Series 12) [1].tif,blank_background,95a3bf6fe19bff0b2cdae12aedb8d3402f808aa3e94ebe03732b346b29cda610,3c4d8f4dea038ab66d9b2ea939290269f5ed371d4695a8c434bc5e8963e3b753,img_351f2b19d31066686b88,1024,1024,1,1,uint8,8,0,64,11.1314,7.5347,0,0,0,1,4,9,16,26,32,39,64,255,0,20453,PN148,AD,4R,AD_4R,13,DIV13,12,PN148_4R_AD_DIV13,PN148_4R_AD_DIV13,PN148_AD_4R_DIV13,parsed,PN148,4R,AD,DIV13,PN148_AD_4R_DIV13,none,none,none,none,not_applicable,normalized_thumbnail_ncc_threshold_0.995,none,unassigned,expert_validated,human_expert_review,STED expert,not_recorded,Expert-validated fiber-free blank; automated flags are QC only.
sted_blank_data,PN148_4R_AD_DIV13 (Series 13) [1].tif,blank_background,5606ec1615393b355c5c795540228fd5631a7607312e3fbae31f6193be84290c,1f45010397eff2b0d6ad351ff699a734390c9c4b5421b37628527df307ce8090,img_554468edaeb27daf1a00,1024,1024,1,1,uint8,8,0,49,6.64417,4.54516,0,0,0,1,3,6,9,14,19,26,49,255,0,42435,PN148,AD,4R,AD_4R,13,DIV13,13,PN148_4R_AD_DIV13,PN148_4R_AD_DIV13,PN148_AD_4R_DIV13,parsed,PN148,4R,AD,DIV13,PN148_AD_4R_DIV13,none,none,none,none,not_applicable,normalized_thumbnail_ncc_threshold_0.995,none,unassigned,expert_validated,human_expert_review,STED expert,not_recorded,Expert-validated fiber-free blank; automated flags are QC only.
sted_blank_data,PN148_4R_AD_DIV13 (Series 14) [1].tif,blank_background,15f660ef8d4d5312f58362dde109c8499688f93b5f4370a483bf3bbb5ec9ce1b,c1a97d929426392c729b6804cb4bec4a81e17dd3d17ec7015534f7245db6d022,img_cefbf3d960c7c90cf3ce,1024,1024,1,1,uint8,8,0,54,8.54964,6.03868,0,0,0,1,4,8,13,19,26,32,54,255,0,43482,PN148,AD,4R,AD_4R,13,DIV13,14,PN148_4R_AD_DIV13,PN148_4R_AD_DIV13,PN148_AD_4R_DIV13,parsed,PN148,4R,AD,DIV13,PN148_AD_4R_DIV13,none,none,none,none,not_applicable,normalized_thumbnail_ncc_threshold_0.995,none,unassigned,expert_validated,human_expert_review,STED expert,not_recorded,Expert-validated fiber-free blank; automated flags are QC only.
sted_blank_data,PN148_4R_AD_DIV13 (Series 2) [1].tif,blank_background,7ea2c90e5c165321b1f3d2723bfbe99b12708bf751795195552235ecce434163,e682995914ecabeaff6238f6989c1bc52346056f5be567af88c7b581d6fef9c9,img_08ae300ced4437e087dc,1024,1024,1,1,uint8,8,0,77,8.18794,6.86797,0,0,0,0,3,6,13,21,27,36,77,255,0,101163,PN148,AD,4R,AD_4R,13,DIV13,2,PN148_4R_AD_DIV13,PN148_4R_AD_DIV13,PN148_AD_4R_DIV13,parsed,PN148,4R,AD,DIV13,PN148_AD_4R_DIV13,none,none,none,none,not_applicable,normalized_thumbnail_ncc_threshold_0.995,none,unassigned,expert_validated,human_expert_review,STED expert,not_recorded,Expert-validated fiber-free blank; automated flags are QC only.
sted_blank_data,PN148_4R_AD_DIV13 (Series 3) [1].tif,blank_background,d62fa42b11e9ba098106da95c642ca002246123ac7756d8c54f4cab992431b5d,adb1f4ce24d8b183d38e0d78d4dbffe2fbcef18570fde1e0b97244a19553b07a,img_c00182c8d4f47fe67aa9,1024,1024,1,1,uint8,8,0,44,6.56245,5.12922,0,0,0,0,3,6,9,16,23,29,44,255,0,53162,PN148,AD,4R,AD_4R,13,DIV13,3,PN148_4R_AD_DIV13,PN148_4R_AD_DIV13,PN148_AD_4R_DIV13,parsed,PN148,4R,AD,DIV13,PN148_AD_4R_DIV13,none,none,none,none,not_applicable,normalized_thumbnail_ncc_threshold_0.995,none,unassigned,expert_validated,human_expert_review,STED expert,not_recorded,Expert-validated fiber-free blank; automated flags are QC only.
sted_blank_data,PN148_4R_AD_DIV13 (Series 4) [1].tif,blank_background,a6242fdb753f1c64c2d65d3c8f22e6d4d08bbcded0e43c285274cd89ea0be6ea,8c7dd2f35f31ddd4c13f6e4d173dd709fce82810067ff98e7cc5d15195770f96,img_f2a8653ec1225506a72c,1024,1024,1,1,uint8,8,0,41,6.66383,5.09784,0,0,0,0,3,6,9,16,21,27,41,255,0,74527,PN148,AD,4R,AD_4R,13,DIV13,4,PN148_4R_AD_DIV13,PN148_4R_AD_DIV13,PN148_AD_4R_DIV13,parsed,PN148,4R,AD,DIV13,PN148_AD_4R_DIV13,none,none,none,none,not_applicable,normalized_thumbnail_ncc_threshold_0.995,none,unassigned,expert_validated,human_expert_review,STED expert,not_recorded,Expert-validated fiber-free blank; automated flags are QC only.
sted_blank_data,PN148_4R_AD_DIV13 (Series 5) [1].tif,blank_background,71c5303c9740f3f9ccca5b0c69ccb8a4fe41c312bd7073f94c66bc351d516129,08f838a1955f6e191579ff6093d09d6191ec4197769b04395ef779c3f0bd5ce9,img_918a8d57c1cfbf26031e,1024,1024,1,1,uint8,8,0,74,10.0826,7.6501,0,0,0,0,4,9,16,24,31,39,74,255,0,65529,PN148,AD,4R,AD_4R,13,DIV13,5,PN148_4R_AD_DIV13,PN148_4R_AD_DIV13,PN148_AD_4R_DIV13,parsed,PN148,4R,AD,DIV13,PN148_AD_4R_DIV13,none,none,none,none,not_applicable,normalized_thumbnail_ncc_threshold_0.995,none,unassigned,expert_validated,human_expert_review,STED expert,not_recorded,Expert-validated fiber-free blank; automated flags are QC only.
sted_blank_data,PN148_4R_AD_DIV13 (Series 6) [1].tif,blank_background,a00679d15bbbf7ddbb320c4a3c88b3ab65d7a023d660cfff19c90a01e1639290,23434a3d25209aca95bbbc0135e882ca52dfed42e3923f373cd971c2f0606241,img_7614f115c69c8f5322b1,1024,1024,1,1,uint8,8,0,52,6.48606,4.8011,0,0,0,0,3,6,9,16,21,26,52,255,0,53755,PN148,AD,4R,AD_4R,13,DIV13,6,PN148_4R_AD_DIV13,PN148_4R_AD_DIV13,PN148_AD_4R_DIV13,parsed,PN148,4R,AD,DIV13,PN148_AD_4R_DIV13,none,none,none,none,not_applicable,normalized_thumbnail_ncc_threshold_0.995,none,unassigned,expert_validated,human_expert_review,STED expert,not_recorded,Expert-validated fiber-free blank; automated flags are QC only.
sted_blank_data,PN148_4R_AD_DIV13 (Series 7) [1].tif,blank_background,7061e2a262219bebd95d637fa130d24c74fbe5df8df32a8bebc56345c08ab177,e79ea4524665597a1912317acf3248ec0cc489aa3f19b2755aa7efb8dd775983,img_9a69c45d7e06db0d986d,1024,1024,1,1,uint8,8,0,62,5.39785,4.14724,0,0,0,0,3,4,8,13,18,24,62,255,0,65010,PN148,AD,4R,AD_4R,13,DIV13,7,PN148_4R_AD_DIV13,PN148_4R_AD_DIV13,PN148_AD_4R_DIV13,parsed,PN148,4R,AD,DIV13,PN148_AD_4R_DIV13,none,none,none,none,not_applicable,normalized_thumbnail_ncc_threshold_0.995,none,unassigned,expert_validated,human_expert_review,STED expert,not_recorded,Expert-validated fiber-free blank; automated flags are QC only.
sted_blank_data,PN148_4R_AD_DIV13 (Series 8) [1].tif,blank_background,25a9485250350cd7eec1cc200768d1221b82ba3714b232041c5eab7284b1be10,28d10f853d984d4d75c55bf0cc092181c525354c7c44d4a8a842f4b88bc2b1e7,img_308fa0196a5896a7896b,1024,1024,1,1,uint8,8,0,52,9.69734,6.12615,0,0,0,1,4,9,14,21,26,34,52,255,0,24262,PN148,AD,4R,AD_4R,13,DIV13,8,PN148_4R_AD_DIV13,PN148_4R_AD_DIV13,PN148_AD_4R_DIV13,parsed,PN148,4R,AD,DIV13,PN148_AD_4R_DIV13,none,none,none,none,not_applicable,normalized_thumbnail_ncc_threshold_0.995,none,unassigned,expert_validated,human_expert_review,STED expert,not_recorded,Expert-validated fiber-free blank; automated flags are QC only.
sted_blank_data,PN148_4R_AD_DIV13 (Series 9) [1].tif,blank_background,5e46dd025de2af275760770a31773b81904d183d9de5ef376a781956ffb8f59c,73a980896c0411ea8efd1c0d0de1bec6d76b2702420b0e7fe27e1510c3bcc33d,img_b30eb561e93baf3b6805,1024,1024,1,1,uint8,8,0,54,7.77924,5.2156,0,0,0,1,4,8,11,18,23,31,54,255,0,27914,PN148,AD,4R,AD_4R,13,DIV13,9,PN148_4R_AD_DIV13,PN148_4R_AD_DIV13,PN148_AD_4R_DIV13,parsed,PN148,4R,AD,DIV13,PN148_AD_4R_DIV13,none,none,none,none,not_applicable,normalized_thumbnail_ncc_threshold_0.995,none,unassigned,expert_validated,human_expert_review,STED expert,not_recorded,Expert-validated fiber-free blank; automated flags are QC only.
sted_blank_data,PN148_4R_PSP_DIV15 (Series 0) [1].tif,blank_background,0f8379327773926ddb34356f7b99311d33537e493e0335f068681719d7e2bf9d,30ea873d851ab655ac45a0323a79ba4234ce8d35e7dd47a13defc6b1b7f0687b,img_e0f39b43e3d3f4c281a1,1024,1024,1,1,uint8,8,0,59,4.70295,3.58336,0,0,0,0,3,4,6,11,16,21,59,255,0,81291,PN148,PSP,4R,PSP_4R,15,DIV15,0,PN148_4R_PSP_DIV15,PN148_4R_PSP_DIV15,PN148_PSP_4R_DIV15,parsed,PN148,4R,PSP,DIV15,PN148_PSP_4R_DIV15,none,none,none,none,not_applicable,normalized_thumbnail_ncc_threshold_0.995,none,unassigned,expert_validated,human_expert_review,STED expert,not_recorded,Expert-validated fiber-free blank; automated flags are QC only.
sted_blank_data,PN148_4R_PSP_DIV15 (Series 1) [1].tif,blank_background,13ddf75fdacf87650673caeaad21fe977e312ea769003e474b288cc53b7efbdd,5a2444a64b5781b63d889b4eb53e040b4a5cc24c9fe0eb9728acb1902bdadfa5,img_ba526d53c5769bd5fece,1024,1024,1,1,uint8,8,0,57,5.06759,3.73772,0,0,0,0,3,4,8,13,16,22,57,255,0,65682,PN148,PSP,4R,PSP_4R,15,DIV15,1,PN148_4R_PSP_DIV15,PN148_4R_PSP_DIV15,PN148_PSP_4R_DIV15,parsed,PN148,4R,PSP,DIV15,PN148_PSP_4R_DIV15,none,none,none,none,not_applicable,normalized_thumbnail_ncc_threshold_0.995,none,unassigned,expert_validated,human_expert_review,STED expert,not_recorded,Expert-validated fiber-free blank; automated flags are QC only.
sted_blank_data,PN148_4R_PSP_DIV15 (Series 10) [1].tif,blank_background,f26ec68b2567c73a27c570bb10dd8a1cb6379df82e1422e46cdc0a26f4dbc9b0,8e746f36e98d595cd30b4dfd99c63ef935fc73c4560523a3102fa25fd992035d,img_8995027102563a3627f3,1024,1024,1,1,uint8,8,0,46,7.08918,4.96269,0,0,0,0,3,6,9,16,21,27,46,255,0,64251,PN148,PSP,4R,PSP_4R,15,DIV15,10,PN148_4R_PSP_DIV15,PN148_4R_PSP_DIV15,PN148_PSP_4R_DIV15,parsed,PN148,4R,PSP,DIV15,PN148_PSP_4R_DIV15,none,none,none,none,not_applicable,normalized_thumbnail_ncc_threshold_0.995,none,unassigned,expert_validated,human_expert_review,STED expert,not_recorded,Expert-validated fiber-free blank; automated flags are QC only.
sted_blank_data,PN148_4R_PSP_DIV15 (Series 11) [1].tif,blank_background,ad2acce5af1c707139c1f3703fd9c2f9e141eb3be4b5245804449faa4c967c4a,d6264eaf6f06c5ddd66e60b20586b38efe841829f6d0351b90d1d77bd8542f55,img_f350649ab42bc5242f19,1024,1024,1,1,uint8,8,0,47,6.23945,4.95212,0,0,0,0,3,6,9,16,21,28,47,255,0,91307,PN148,PSP,4R,PSP_4R,15,DIV15,11,PN148_4R_PSP_DIV15,PN148_4R_PSP_DIV15,PN148_PSP_4R_DIV15,parsed,PN148,4R,PSP,DIV15,PN148_PSP_4R_DIV15,none,none,none,none,not_applicable,normalized_thumbnail_ncc_threshold_0.995,none,unassigned,expert_validated,human_expert_review,STED expert,not_recorded,Expert-validated fiber-free blank; automated flags are QC only.
sted_blank_data,PN148_4R_PSP_DIV15 (Series 12) [1].tif,blank_background,f3af9fca18be1d2c2d5f80b9f099d3aa4dd00fddaea08382bf6f4819e6ec568a,ac0f916756fa323ce888293272515a1f7e73d55898f2133af15b7b64ccb214db,img_bddb96edb958708b88cc,1024,1024,1,1,uint8,8,0,77,4.53526,3.61145,0,0,0,0,1,4,6,11,16,21,77,255,0,94594,PN148,PSP,4R,PSP_4R,15,DIV15,12,PN148_4R_PSP_DIV15,PN148_4R_PSP_DIV15,PN148_PSP_4R_DIV15,parsed,PN148,4R,PSP,DIV15,PN148_PSP_4R_DIV15,none,none,none,none,not_applicable,normalized_thumbnail_ncc_threshold_0.995,none,unassigned,expert_validated,human_expert_review,STED expert,not_recorded,Expert-validated fiber-free blank; automated flags are QC only.
sted_blank_data,PN148_4R_PSP_DIV15 (Series 13) [1].tif,blank_background,3b3a9e8b4c2b724a884282387e82042d4532dad011a841ef59ef9f69721048d0,117cceaad69d78ba65dc2692edec4e0c13ba85aabc23b8f624fd38ea7f6bcf5e,img_0669b4ccbe5730187943,1024,1024,1,1,uint8,8,0,62,11.3259,7.82581,0,0,0,1,6,9,16,26,34,42,62,255,0,26857,PN148,PSP,4R,PSP_4R,15,DIV15,13,PN148_4R_PSP_DIV15,PN148_4R_PSP_DIV15,PN148_PSP_4R_DIV15,parsed,PN148,4R,PSP,DIV15,PN148_PSP_4R_DIV15,none,none,none,none,not_applicable,normalized_thumbnail_ncc_threshold_0.995,none,unassigned,expert_validated,human_expert_review,STED expert,not_recorded,Expert-validated fiber-free blank; automated flags are QC only.
sted_blank_data,PN148_4R_PSP_DIV15 (Series 14) [1].tif,blank_background,fd6681698152de2a295ad942d525a8a4220b944a1fe78ad43d1bf72bcf130c89,09ce5fcdd49a31c1e8765e8c8ffb6120c588925779fd1147052f8978d97c1c80,img_36dad896ed23db2e1874,1024,1024,1,1,uint8,8,0,41,5.5935,3.84172,0,0,0,1,3,4,8,13,18,23,41,255,0,45521,PN148,PSP,4R,PSP_4R,15,DIV15,14,PN148_4R_PSP_DIV15,PN148_4R_PSP_DIV15,PN148_PSP_4R_DIV15,parsed,PN148,4R,PSP,DIV15,PN148_PSP_4R_DIV15,none,none,none,none,not_applicable,normalized_thumbnail_ncc_threshold_0.995,none,unassigned,expert_validated,human_expert_review,STED expert,not_recorded,Expert-validated fiber-free blank; automated flags are QC only.
sted_blank_data,PN148_4R_PSP_DIV15 (Series 2) [1].tif,blank_background,b14f76dd42f432c37d54bdb712ded8f9e034905f535019fc928b5b2061efdecf,703931aaabe79ba39694174bf57bde8c4e4e061d606d519cadd4d9dc14779831,img_ab55a590feb887795c37,1024,1024,1,1,uint8,8,0,54,6.35347,4.38403,0,0,0,1,3,6,9,14,19,26,54,255,0,41627,PN148,PSP,4R,PSP_4R,15,DIV15,2,PN148_4R_PSP_DIV15,PN148_4R_PSP_DIV15,PN148_PSP_4R_DIV15,parsed,PN148,4R,PSP,DIV15,PN148_PSP_4R_DIV15,none,none,none,none,not_applicable,normalized_thumbnail_ncc_threshold_0.995,none,unassigned,expert_validated,human_expert_review,STED expert,not_recorded,Expert-validated fiber-free blank; automated flags are QC only.
sted_blank_data,PN148_4R_PSP_DIV15 (Series 3) [1].tif,blank_background,877d7c759158f96732325806a8d7594820511e024f05166620ba2078b006776a,38bc46c11e0dce3d66241316ff0b81f4ff7be742f3948a3939a3d44fc5535139,img_722a93ba2d08d0000780,1024,1024,1,1,uint8,8,0,62,3.97074,3.05187,0,0,0,0,1,3,6,9,13,19,62,255,0,88278,PN148,PSP,4R,PSP_4R,15,DIV15,3,PN148_4R_PSP_DIV15,PN148_4R_PSP_DIV15,PN148_PSP_4R_DIV15,parsed,PN148,4R,PSP,DIV15,PN148_PSP_4R_DIV15,none,none,none,none,not_applicable,normalized_thumbnail_ncc_threshold_0.995,none,unassigned,expert_validated,human_expert_review,STED expert,not_recorded,Expert-validated fiber-free blank; automated flags are QC only.
sted_blank_data,PN148_4R_PSP_DIV15 (Series 4) [1].tif,blank_background,40687b28377d3e22c37dbbaaf8060e067b0185e80151149c9962e0d63ad8bf2c,b12ae20dddf86a850e892cac11e273674948d21cba6a349cee19925fb4071bfe,img_06494922b372657b5c88,1024,1024,1,1,uint8,8,0,66,6.066,4.35076,0,0,0,1,3,6,8,14,19,26,66,255,0,52032,PN148,PSP,4R,PSP_4R,15,DIV15,4,PN148_4R_PSP_DIV15,PN148_4R_PSP_DIV15,PN148_PSP_4R_DIV15,parsed,PN148,4R,PSP,DIV15,PN148_PSP_4R_DIV15,none,none,none,none,not_applicable,normalized_thumbnail_ncc_threshold_0.995,none,unassigned,expert_validated,human_expert_review,STED expert,not_recorded,Expert-validated fiber-free blank; automated flags are QC only.
sted_blank_data,PN148_4R_PSP_DIV15 (Series 5) [1].tif,blank_background,73fbed9ecc09a182b9a0bf65d57dbba2a1f61b43942c815e9c462d21167cfdcf,a1c2a153f4bf2a65788a0fce705ebe9bc9c86143674ca2634f42f848c715b893,img_da08c5d1ab61d07f614b,1024,1024,1,1,uint8,8,0,46,7.29218,4.74526,0,0,0,1,4,6,9,16,21,27,46,255,0,30293,PN148,PSP,4R,PSP_4R,15,DIV15,5,PN148_4R_PSP_DIV15,PN148_4R_PSP_DIV15,PN148_PSP_4R_DIV15,parsed,PN148,4R,PSP,DIV15,PN148_PSP_4R_DIV15,none,none,none,none,not_applicable,normalized_thumbnail_ncc_threshold_0.995,none,unassigned,expert_validated,human_expert_review,STED expert,not_recorded,Expert-validated fiber-free blank; automated flags are QC only.
sted_blank_data,PN148_4R_PSP_DIV15 (Series 6) [1].tif,blank_background,36159944d0ca7c9ecafc6b3ce3f867f7173bf77f72226dab38a2dfabadefc855,d59bda400dbda9001b5d5455ad0d2cd45ec021361d0ae686606a29e9ee537a93,img_7feb5e8e13265c3c18f0,1024,1024,1,1,uint8,8,0,57,7.09312,5.39067,0,0,0,0,3,6,11,18,23,29,57,255,0,62951,PN148,PSP,4R,PSP_4R,15,DIV15,6,PN148_4R_PSP_DIV15,PN148_4R_PSP_DIV15,PN148_PSP_4R_DIV15,parsed,PN148,4R,PSP,DIV15,PN148_PSP_4R_DIV15,none,none,none,none,not_applicable,normalized_thumbnail_ncc_threshold_0.995,none,unassigned,expert_validated,human_expert_review,STED expert,not_recorded,Expert-validated fiber-free blank; automated flags are QC only.
sted_blank_data,PN148_4R_PSP_DIV15 (Series 7) [1].tif,blank_background,4c444e47863b00808aadbe57addc0ae77b0cc21adfd0c44be8b618dff7b7b1ff,8eddb61b2f31f8dc5406a7b465b2999a108eeb8fdac6535161982d9fb9b652f8,img_9a2b1bf1a7264d1bafde,1024,1024,1,1,uint8,8,0,62,10.4074,6.72199,0,0,0,1,6,9,14,23,31,39,62,255,0,15660,PN148,PSP,4R,PSP_4R,15,DIV15,7,PN148_4R_PSP_DIV15,PN148_4R_PSP_DIV15,PN148_PSP_4R_DIV15,parsed,PN148,4R,PSP,DIV15,PN148_PSP_4R_DIV15,none,none,none,none,not_applicable,normalized_thumbnail_ncc_threshold_0.995,none,unassigned,expert_validated,human_expert_review,STED expert,not_recorded,Expert-validated fiber-free blank; automated flags are QC only.
sted_blank_data,PN148_4R_PSP_DIV15 (Series 8) [1].tif,blank_background,4c7e2a880d5ff88a81d214bba5386ce2c72f220840a187b66d6e43925854e4c0,d927cad7f54a839a44ed5de1a78d3d44bf56f201d6baa0f7a29a9d151177a7fd,img_9b9b12e6080c8ba88b54,1024,1024,1,1,uint8,8,0,49,8.13752,5.39144,0,0,0,1,4,8,11,18,24,31,49,255,0,30319,PN148,PSP,4R,PSP_4R,15,DIV15,8,PN148_4R_PSP_DIV15,PN148_4R_PSP_DIV15,PN148_PSP_4R_DIV15,parsed,PN148,4R,PSP,DIV15,PN148_PSP_4R_DIV15,none,none,none,none,not_applicable,normalized_thumbnail_ncc_threshold_0.995,none,unassigned,expert_validated,human_expert_review,STED expert,not_recorded,Expert-validated fiber-free blank; automated flags are QC only.
sted_blank_data,PN148_4R_PSP_DIV15 (Series 9) [1].tif,blank_background,ecd0a87e002d7b96409df4314e0406cfd9570e50ff2b74f205e057b1becaa82c,45d3b58a87bc4149e27b0e0a6f7640d5dbdeb179ddbbda3e45e739839ae526f2,img_4c827f12554905a4e808,1024,1024,1,1,uint8,8,0,97,3.22595,3.12152,0,0,0,0,1,3,4,9,13,24,97,255,0,151945,PN148,PSP,4R,PSP_4R,15,DIV15,9,PN148_4R_PSP_DIV15,PN148_4R_PSP_DIV15,PN148_PSP_4R_DIV15,parsed,PN148,4R,PSP,DIV15,PN148_PSP_4R_DIV15,none,none,none,none,not_applicable,normalized_thumbnail_ncc_threshold_0.995,none,unassigned,expert_validated,human_expert_review,STED expert,not_recorded,Expert-validated fiber-free blank; automated flags are QC only.
sted_blank_data,PN151_4R_CBD_DIV11 (Series 0) [1].tif,blank_background,1ce4b543442878b027b197aa4923ba625dbca07d8c9c429137a78d21e5088fe9,164cec44862dfc425967b4747c251624b46139c0a7b0c0b8cf1c15367da4f68d,img_22a6ba5828c46f12f6e5,1024,1024,1,1,uint8,8,0,51,5.28721,4.30656,0,0,0,0,1,4,8,13,18,24,51,255,0,105379,PN151,CBD,4R,CBD_4R,11,DIV11,0,PN151_4R_CBD_DIV11,PN151_4R_CBD_DIV11,PN151_CBD_4R_DIV11,parsed,PN151,4R,CBD,DIV11,PN151_CBD_4R_DIV11,none,none,none,none,not_applicable,normalized_thumbnail_ncc_threshold_0.995,none,unassigned,expert_validated,human_expert_review,STED expert,not_recorded,Expert-validated fiber-free blank; automated flags are QC only.
sted_blank_data,PN151_4R_CBD_DIV11 (Series 1) [1].tif,blank_background,d44003d8dc9d9c543e2d37836eb1295238dc1f779d2c6b741d5b9eff487f6111,4453b221033026bee23a5e769270078f3aa4504230f093b03cf1b9cbe36c90ba,img_093eea09221a4db0ebec,1024,1024,1,1,uint8,8,0,72,2.39473,2.56265,0,0,0,0,1,1,3,8,11,18,72,255,0,241325,PN151,CBD,4R,CBD_4R,11,DIV11,1,PN151_4R_CBD_DIV11,PN151_4R_CBD_DIV11,PN151_CBD_4R_DIV11,parsed,PN151,4R,CBD,DIV11,PN151_CBD_4R_DIV11,none,none,none,none,not_applicable,normalized_thumbnail_ncc_threshold_0.995,none,unassigned,expert_validated,human_expert_review,STED expert,not_recorded,Expert-validated fiber-free blank; automated flags are QC only.
sted_blank_data,PN151_4R_CBD_DIV11 (Series 10) [1].tif,blank_background,00a88f0e42dc8388bb3428c81ae5a786b7206958ccb6d1a56b2ff3ea2619019c,d2c1fc33f484ef53f9f2186695b4dcea5a0be38da3931ab9aba0702137b4373d,img_4a12cb04c6ad4b44f7e4,1024,1024,1,1,uint8,8,0,71,3.26318,3.21723,0,0,0,0,1,3,4,9,14,19,71,255,0,193640,PN151,CBD,4R,CBD_4R,11,DIV11,10,PN151_4R_CBD_DIV11,PN151_4R_CBD_DIV11,PN151_CBD_4R_DIV11,parsed,PN151,4R,CBD,DIV11,PN151_CBD_4R_DIV11,none,none,none,none,not_applicable,normalized_thumbnail_ncc_threshold_0.995,none,unassigned,expert_validated,human_expert_review,STED expert,not_recorded,Expert-validated fiber-free blank; automated flags are QC only.
sted_blank_data,PN151_4R_CBD_DIV11 (Series 11) [1].tif,blank_background,f3ee9368ee61dc7ab7fdaca42d72e94f8e7fbcc7d5f985e7937b393d7f48883f,edd5365c04d1b73a840435b7e333457e70e4b1e7c776d75042936cea686414f1,img_42e8d8a784a69489e580,1024,1024,1,1,uint8,8,0,54,3.80346,3.80713,0,0,0,0,1,3,6,11,16,23,54,255,0,167483,PN151,CBD,4R,CBD_4R,11,DIV11,11,PN151_4R_CBD_DIV11,PN151_4R_CBD_DIV11,PN151_CBD_4R_DIV11,parsed,PN151,4R,CBD,DIV11,PN151_CBD_4R_DIV11,none,none,none,none,not_applicable,normalized_thumbnail_ncc_threshold_0.995,none,unassigned,expert_validated,human_expert_review,STED expert,not_recorded,Expert-validated fiber-free blank; automated flags are QC only.
sted_blank_data,PN151_4R_CBD_DIV11 (Series 12) [1].tif,blank_background,9462a29f126478c29267f3d63aeb45e621ee442e0f85a6a4ed51037c69fcf736,72d4d3329ade19913debeed20c12f131ecd9897ce963c46a35c4f69c73c3db4a,img_4b1f1b0523dd6c73177c,1024,1024,1,1,uint8,8,0,47,4.53431,4.11782,0,0,0,0,1,3,6,13,18,24,47,255,0,134952,PN151,CBD,4R,CBD_4R,11,DIV11,12,PN151_4R_CBD_DIV11,PN151_4R_CBD_DIV11,PN151_CBD_4R_DIV11,parsed,PN151,4R,CBD,DIV11,PN151_CBD_4R_DIV11,none,none,none,none,not_applicable,normalized_thumbnail_ncc_threshold_0.995,none,unassigned,expert_validated,human_expert_review,STED expert,not_recorded,Expert-validated fiber-free blank; automated flags are QC only.
sted_blank_data,PN151_4R_CBD_DIV11 (Series 13) [1].tif,blank_background,4f4c34af312f5f272a6e6ee08e6f0582bcba04c14ca36911a3c0d839f9691940,999b251b6c1a3852bf66c56ba51ac01eb04b614e2728ffa122277ceb0a7fa2de,img_3fcd76c473a770a81832,1024,1024,1,1,uint8,8,0,119,2.81006,2.71438,0,0,0,0,1,3,4,8,11,18,119,255,0,193390,PN151,CBD,4R,CBD_4R,11,DIV11,13,PN151_4R_CBD_DIV11,PN151_4R_CBD_DIV11,PN151_CBD_4R_DIV11,parsed,PN151,4R,CBD,DIV11,PN151_CBD_4R_DIV11,none,none,none,none,not_applicable,normalized_thumbnail_ncc_threshold_0.995,none,unassigned,expert_validated,human_expert_review,STED expert,not_recorded,Expert-validated fiber-free blank; automated flags are QC only.
sted_blank_data,PN151_4R_CBD_DIV11 (Series 14) [1].tif,blank_background,161ce6da7f952f39e9e01236675a8bdacd000a02cafcb716f3ca57cbcf324b87,fa7cbbf67e523a8605a35ec0ac3e72d3268dc4567dcbfd22c8353364e91b8e34,img_908ed3f9b3c24e1d482b,1024,1024,1,1,uint8,8,0,61,3.78873,3.84935,0,0,0,0,1,3,6,11,16,23,61,255,0,208268,PN151,CBD,4R,CBD_4R,11,DIV11,14,PN151_4R_CBD_DIV11,PN151_4R_CBD_DIV11,PN151_CBD_4R_DIV11,parsed,PN151,4R,CBD,DIV11,PN151_CBD_4R_DIV11,none,none,none,none,not_applicable,normalized_thumbnail_ncc_threshold_0.995,none,unassigned,expert_validated,human_expert_review,STED expert,not_recorded,Expert-validated fiber-free blank; automated flags are QC only.
sted_blank_data,PN151_4R_CBD_DIV11 (Series 15) [1].tif,blank_background,b81ab0c27b7c5d7794c36469272c843196dc848a4e5185bdfa3b513cc803164e,2e787f42ccb5157b6fc420ee5ad7e37aa074844dddb9d495dfaac7ac3c9d08c1,img_5dde17f7235bd3b91b4e,1024,1024,1,1,uint8,8,0,47,1.99918,2.88281,0,0,0,0,0,1,3,8,13,19,47,255,0,418584,PN151,CBD,4R,CBD_4R,11,DIV11,15,PN151_4R_CBD_DIV11,PN151_4R_CBD_DIV11,PN151_CBD_4R_DIV11,parsed,PN151,4R,CBD,DIV11,PN151_CBD_4R_DIV11,none,none,none,none,not_applicable,normalized_thumbnail_ncc_threshold_0.995,none,unassigned,expert_validated,human_expert_review,STED expert,not_recorded,Expert-validated fiber-free blank; automated flags are QC only.
sted_blank_data,PN151_4R_CBD_DIV11 (Series 16) [1].tif,blank_background,cdbbd8d8964ef12d12d5b7a220c73107505cea1bb600fe5c722ebc3a763d09f6,67ca940eefc157dceebf2797d2d5fa571720c9189fbaa7eb05f18273a9538061,img_8ad7d07fa1daa0209cfb,1024,1024,1,1,uint8,8,0,37,3.06197,3.55702,0,0,0,0,0,1,4,11,14,21,37,255,0,299348,PN151,CBD,4R,CBD_4R,11,DIV11,16,PN151_4R_CBD_DIV11,PN151_4R_CBD_DIV11,PN151_CBD_4R_DIV11,parsed,PN151,4R,CBD,DIV11,PN151_CBD_4R_DIV11,none,none,none,none,not_applicable,normalized_thumbnail_ncc_threshold_0.995,none,unassigned,expert_validated,human_expert_review,STED expert,not_recorded,Expert-validated fiber-free blank; automated flags are QC only.
sted_blank_data,PN151_4R_CBD_DIV11 (Series 17) [1].tif,blank_background,702b92999d7178f571c3e7efa432b6c6face9ae3067a2d45210d3bede5f22f35,40f1c3ebff195e37310e0df63a979d898b9a54969ab3ea7e5ce5ded0a5538edf,img_34d44dfa65b93f389f95,1024,1024,1,1,uint8,8,0,31,1.86049,2.11307,0,0,0,0,0,1,3,6,9,14,31,255,0,316409,PN151,CBD,4R,CBD_4R,11,DIV11,17,PN151_4R_CBD_DIV11,PN151_4R_CBD_DIV11,PN151_CBD_4R_DIV11,parsed,PN151,4R,CBD,DIV11,PN151_CBD_4R_DIV11,none,none,none,none,not_applicable,normalized_thumbnail_ncc_threshold_0.995,none,unassigned,expert_validated,human_expert_review,STED expert,not_recorded,Expert-validated fiber-free blank; automated flags are QC only.
sted_blank_data,PN151_4R_CBD_DIV11 (Series 18) [1].tif,blank_background,b22cfaffab53a9adde93635f7645e911a03a0a0b213e0e6fa55ec02d94b9f52a,1f5979e8938243b9aac259f0ca8448b9acfd18e695d84985d796931e204a039b,img_ab8a5dd57e15fbe9d2e3,1024,1024,1,1,uint8,8,0,59,2.55581,2.72291,0,0,0,0,1,1,4,8,11,18,59,255,0,244885,PN151,CBD,4R,CBD_4R,11,DIV11,18,PN151_4R_CBD_DIV11,PN151_4R_CBD_DIV11,PN151_CBD_4R_DIV11,parsed,PN151,4R,CBD,DIV11,PN151_CBD_4R_DIV11,none,none,none,none,not_applicable,normalized_thumbnail_ncc_threshold_0.995,none,unassigned,expert_validated,human_expert_review,STED expert,not_recorded,Expert-validated fiber-free blank; automated flags are QC only.
sted_blank_data,PN151_4R_CBD_DIV11 (Series 19) [1].tif,blank_background,7377c928eafd8de4365af6f2d46b43fb96d619ebc19fd9ff19e14f3861068b1e,25adc7bf2693ac7f19eda520e451ed9962e4ce09a1ef9d9bf43623d8c9d7d852,img_0d1c01fd26080936f42b,1024,1024,1,1,uint8,8,0,72,1.90875,2.19132,0,0,0,0,0,1,3,6,9,14,72,255,0,320522,PN151,CBD,4R,CBD_4R,11,DIV11,19,PN151_4R_CBD_DIV11,PN151_4R_CBD_DIV11,PN151_CBD_4R_DIV11,parsed,PN151,4R,CBD,DIV11,PN151_CBD_4R_DIV11,none,none,none,none,not_applicable,normalized_thumbnail_ncc_threshold_0.995,none,unassigned,expert_validated,human_expert_review,STED expert,not_recorded,Expert-validated fiber-free blank; automated flags are QC only.
sted_blank_data,PN151_4R_CBD_DIV11 (Series 2) [1].tif,blank_background,6792642327aaff9284167cec293c43a6fd77246a81d6cbd8ecf1cc34c35aad50,ca04be416dc5e8bf86045d3c830275d3086fec84b87be6a7e7609f11b393f53b,img_178ab769e005e689ff6f,1024,1024,1,1,uint8,8,0,49,5.09025,4.05169,0,0,0,0,3,4,8,13,18,24,49,255,0,96885,PN151,CBD,4R,CBD_4R,11,DIV11,2,PN151_4R_CBD_DIV11,PN151_4R_CBD_DIV11,PN151_CBD_4R_DIV11,parsed,PN151,4R,CBD,DIV11,PN151_CBD_4R_DIV11,none,none,none,none,not_applicable,normalized_thumbnail_ncc_threshold_0.995,none,unassigned,expert_validated,human_expert_review,STED expert,not_recorded,Expert-validated fiber-free blank; automated flags are QC only.
sted_blank_data,PN151_4R_CBD_DIV11 (Series 20) [1].tif,blank_background,46dfcdd4f0a0ef26969190f56d3478ac3845d02c2bd8ac54dc00023864f326d2,b69cb5969cf56890a7370ce9cb5f7406e75896fd05f53e636c589348363cfd1d,img_43d0f384b07d7388d6db,1024,1024,1,1,uint8,8,0,36,2.14406,2.34143,0,0,0,0,0,1,3,6,9,16,36,255,0,285744,PN151,CBD,4R,CBD_4R,11,DIV11,20,PN151_4R_CBD_DIV11,PN151_4R_CBD_DIV11,PN151_CBD_4R_DIV11,parsed,PN151,4R,CBD,DIV11,PN151_CBD_4R_DIV11,none,none,none,none,not_applicable,normalized_thumbnail_ncc_threshold_0.995,none,unassigned,expert_validated,human_expert_review,STED expert,not_recorded,Expert-validated fiber-free blank; automated flags are QC only.
sted_blank_data,PN151_4R_CBD_DIV11 (Series 21) [1].tif,blank_background,f2dc2ba65bb3771eb3a2dd93fb47e3ac50b5179e54c9bb5ccaeb470646509e97,7346e8c79d9985ace1bcd916fdf912187c69624923c1885030c1d53a3af4d24d,img_a423ba5191509d03f98b,1024,1024,1,1,uint8,8,0,34,2.81638,2.68147,0,0,0,0,1,3,4,8,11,18,34,255,0,186804,PN151,CBD,4R,CBD_4R,11,DIV11,21,PN151_4R_CBD_DIV11,PN151_4R_CBD_DIV11,PN151_CBD_4R_DIV11,parsed,PN151,4R,CBD,DIV11,PN151_CBD_4R_DIV11,none,none,none,none,not_applicable,normalized_thumbnail_ncc_threshold_0.995,none,unassigned,expert_validated,human_expert_review,STED expert,not_recorded,Expert-validated fiber-free blank; automated flags are QC only.
sted_blank_data,PN151_4R_CBD_DIV11 (Series 22) [1].tif,blank_background,14d793dbeaa44ca6478e6c149503b8478c4994fb119e38945ffc938696edcb0b,6256eabfe53902aa6316d680a17b0c143b1f598f8201746c9638e834d449bdfd,img_4ec66ad0f9ecacf25377,1024,1024,1,1,uint8,8,0,62,2.90547,3.05442,0,0,0,0,1,3,4,9,13,19,62,255,0,221247,PN151,CBD,4R,CBD_4R,11,DIV11,22,PN151_4R_CBD_DIV11,PN151_4R_CBD_DIV11,PN151_CBD_4R_DIV11,parsed,PN151,4R,CBD,DIV11,PN151_CBD_4R_DIV11,none,none,none,none,not_applicable,normalized_thumbnail_ncc_threshold_0.995,none,unassigned,expert_validated,human_expert_review,STED expert,not_recorded,Expert-validated fiber-free blank; automated flags are QC only.
sted_blank_data,PN151_4R_CBD_DIV11 (Series 23) [1].tif,blank_background,e6fde915983b0a0f70d97f1fc577e0a96b46aeba5d18053fedf4944078041570,82f707803ad6fb2bacfe058a70e633745cbfd7841f83852e050cd69f03e4d57d,img_b2abcc150c16a6d7cca7,1024,1024,1,1,uint8,8,0,169,1.67625,2.83821,0,0,0,0,0,1,3,6,11,19,169,255,0,450412,PN151,CBD,4R,CBD_4R,11,DIV11,23,PN151_4R_CBD_DIV11,PN151_4R_CBD_DIV11,PN151_CBD_4R_DIV11,parsed,PN151,4R,CBD,DIV11,PN151_CBD_4R_DIV11,none,none,none,none,not_applicable,normalized_thumbnail_ncc_threshold_0.995,none,unassigned,expert_validated,human_expert_review,STED expert,not_recorded,Expert-validated fiber-free blank; automated flags are QC only.
sted_blank_data,PN151_4R_CBD_DIV11 (Series 24) [1].tif,blank_background,da631f24d8e27e7df27a1cce35c9e6c9653a80d553da57b4e1edc75ce7735aaf,2913df31b62e99e2dbc18d6fa6e3674667159ff5f0b238e6c02b93ab4dacbcad,img_ee34a766ad48467dd7e1,1024,1024,1,1,uint8,8,0,38,1.81552,2.11621,0,0,0,0,0,1,3,6,9,14,38,255,0,332246,PN151,CBD,4R,CBD_4R,11,DIV11,24,PN151_4R_CBD_DIV11,PN151_4R_CBD_DIV11,PN151_CBD_4R_DIV11,parsed,PN151,4R,CBD,DIV11,PN151_CBD_4R_DIV11,none,none,none,none,not_applicable,normalized_thumbnail_ncc_threshold_0.995,none,unassigned,expert_validated,human_expert_review,STED expert,not_recorded,Expert-validated fiber-free blank; automated flags are QC only.
sted_blank_data,PN151_4R_CBD_DIV11 (Series 25) [1].tif,blank_background,12eff853c2a70f0ebb18c69218150c4758a69428187eda43b24c0e84733957c7,cee6aa282e3daa1d475bbaa92986f5fb5451e15f7fc30de0fb742beaab165321,img_d3c239af23a085e0b4d8,1024,1024,1,1,uint8,8,0,41,1.85425,2.14017,0,0,0,0,0,1,3,6,9,14,41,255,0,328470,PN151,CBD,4R,CBD_4R,11,DIV11,25,PN151_4R_CBD_DIV11,PN151_4R_CBD_DIV11,PN151_CBD_4R_DIV11,parsed,PN151,4R,CBD,DIV11,PN151_CBD_4R_DIV11,none,none,none,none,not_applicable,normalized_thumbnail_ncc_threshold_0.995,none,unassigned,expert_validated,human_expert_review,STED expert,not_recorded,Expert-validated fiber-free blank; automated flags are QC only.
sted_blank_data,PN151_4R_CBD_DIV11 (Series 26) [1].tif,blank_background,340fa81da49736e0112eb5c678146b0d0b34e420b4cc924fc5136452cae05ec7,0c09fb3b47bd2a27d58b610f17b2f6eb253b8437f9b53d0b0962c673ba6a4c95,img_85bd0416dfc971c6ce41,1024,1024,1,1,uint8,8,0,75,2.39485,2.33068,0,0,0,0,1,1,4,6,9,14,75,255,0,219462,PN151,CBD,4R,CBD_4R,11,DIV11,26,PN151_4R_CBD_DIV11,PN151_4R_CBD_DIV11,PN151_CBD_4R_DIV11,parsed,PN151,4R,CBD,DIV11,PN151_CBD_4R_DIV11,none,none,none,none,not_applicable,normalized_thumbnail_ncc_threshold_0.995,none,unassigned,expert_validated,human_expert_review,STED expert,not_recorded,Expert-validated fiber-free blank; automated flags are QC only.
sted_blank_data,PN151_4R_CBD_DIV11 (Series 27) [1].tif,blank_background,812701e720bd24174bbca2e60943deeddf8b0334d4b1c7a41fa6f24b6b8992f2,dbf330c93ad99c5335bf5ecdb2ac93767b0b233aea2dd6beb940f2b7dca80cfd,img_2e9cc5effd6823d55d02,1024,1024,1,1,uint8,8,0,71,2.66834,2.47164,0,0,0,0,1,3,4,8,11,16,71,255,0,189015,PN151,CBD,4R,CBD_4R,11,DIV11,27,PN151_4R_CBD_DIV11,PN151_4R_CBD_DIV11,PN151_CBD_4R_DIV11,parsed,PN151,4R,CBD,DIV11,PN151_CBD_4R_DIV11,none,none,none,none,not_applicable,normalized_thumbnail_ncc_threshold_0.995,none,unassigned,expert_validated,human_expert_review,STED expert,not_recorded,Expert-validated fiber-free blank; automated flags are QC only.
sted_blank_data,PN151_4R_CBD_DIV11 (Series 28) [1].tif,blank_background,fa974d03d5e173b59970ce0bd0cde9df58fff454446417e2f5b1218b5019a072,c208b1702093139111a5f30d5f28b411b25d10500abf35a2ebd6a0a831ab4d15,img_afedddc4a39035e55219,1024,1024,1,1,uint8,8,0,49,4.9396,3.87092,0,0,0,0,3,4,8,13,16,23,49,255,0,80410,PN151,CBD,4R,CBD_4R,11,DIV11,28,PN151_4R_CBD_DIV11,PN151_4R_CBD_DIV11,PN151_CBD_4R_DIV11,parsed,PN151,4R,CBD,DIV11,PN151_CBD_4R_DIV11,none,none,none,none,not_applicable,normalized_thumbnail_ncc_threshold_0.995,none,unassigned,expert_validated,human_expert_review,STED expert,not_recorded,Expert-validated fiber-free blank; automated flags are QC only.
sted_blank_data,PN151_4R_CBD_DIV11 (Series 29) [1].tif,blank_background,5c2d62e76d93f019f7b6acd4bec9bc2e764dcd08c3e39291809e3d00998adf32,c466557e0524e075f5bf1e4abce55e7c27257c18daae27dcb2e802a011bb0ca0,img_eeb10bbc10a5ef3f859b,1024,1024,1,1,uint8,8,0,39,3.9002,3.60195,0,0,0,0,1,3,6,11,14,21,39,255,0,157883,PN151,CBD,4R,CBD_4R,11,DIV11,29,PN151_4R_CBD_DIV11,PN151_4R_CBD_DIV11,PN151_CBD_4R_DIV11,parsed,PN151,4R,CBD,DIV11,PN151_CBD_4R_DIV11,none,none,none,none,not_applicable,normalized_thumbnail_ncc_threshold_0.995,none,unassigned,expert_validated,human_expert_review,STED expert,not_recorded,Expert-validated fiber-free blank; automated flags are QC only.
sted_blank_data,PN151_4R_CBD_DIV11 (Series 3) [1].tif,blank_background,146fdea28fb3feada7b5976e390945a237d62d47d867a1d4ac9be51fbc9c0fcd,b8d81dbf3f05628f4894144b0eb4b2dfe2fda166fcd47a6fb266d328440f0bc8,img_e8891781fa88057f59f7,1024,1024,1,1,uint8,8,0,60,6.54831,5.02553,0,0,0,0,3,6,9,16,21,29,60,255,0,73169,PN151,CBD,4R,CBD_4R,11,DIV11,3,PN151_4R_CBD_DIV11,PN151_4R_CBD_DIV11,PN151_CBD_4R_DIV11,parsed,PN151,4R,CBD,DIV11,PN151_CBD_4R_DIV11,none,none,none,none,not_applicable,normalized_thumbnail_ncc_threshold_0.995,none,unassigned,expert_validated,human_expert_review,STED expert,not_recorded,Expert-validated fiber-free blank; automated flags are QC only.
sted_blank_data,PN151_4R_CBD_DIV11 (Series 30) [1].tif,blank_background,5d250094db98fe6e0bab93826b4e4b5383c082d1099ddd95b104470df5c939dd,d6c5c1db207ca3849c7a3d9e09624173e7b9fb590abfc836007c49839864e8c9,img_d48ab8d2ac1026abfc85,1024,1024,1,1,uint8,8,0,84,2.68385,2.57343,0,0,0,0,1,3,4,8,11,16,84,255,0,198862,PN151,CBD,4R,CBD_4R,11,DIV11,30,PN151_4R_CBD_DIV11,PN151_4R_CBD_DIV11,PN151_CBD_4R_DIV11,parsed,PN151,4R,CBD,DIV11,PN151_CBD_4R_DIV11,none,none,none,none,not_applicable,normalized_thumbnail_ncc_threshold_0.995,none,unassigned,expert_validated,human_expert_review,STED expert,not_recorded,Expert-validated fiber-free blank; automated flags are QC only.
sted_blank_data,PN151_4R_CBD_DIV11 (Series 31) [1].tif,blank_background,09859222532576ee23514fa2ef13421ba12fb92e534ce7671d4e6e2641363904,402c0414fc81582ec17d86477515915308262ac93802a409a6ce10c0eb6d4b01,img_c25e79b9bfb565174fe1,1024,1024,1,1,uint8,8,0,51,5.62622,4.37248,0,0,0,0,3,4,8,14,19,24,51,255,0,77647,PN151,CBD,4R,CBD_4R,11,DIV11,31,PN151_4R_CBD_DIV11,PN151_4R_CBD_DIV11,PN151_CBD_4R_DIV11,parsed,PN151,4R,CBD,DIV11,PN151_CBD_4R_DIV11,none,none,none,none,not_applicable,normalized_thumbnail_ncc_threshold_0.995,none,unassigned,expert_validated,human_expert_review,STED expert,not_recorded,Expert-validated fiber-free blank; automated flags are QC only.
sted_blank_data,PN151_4R_CBD_DIV11 (Series 32) [1].tif,blank_background,8de9288d45526b6785648bef2c67f3fa5fe549e3fb5c1ceb28f4b58873c61fd3,dc4a9c9d0f53ad0ef60f9a7c7154f3ff63379240d3c12e9b5ce92b44f87670b0,img_380582f92698aae8c505,1024,1024,1,1,uint8,8,0,64,5.59715,4.79443,0,0,0,0,1,4,9,14,19,26,64,255,0,126809,PN151,CBD,4R,CBD_4R,11,DIV11,32,PN151_4R_CBD_DIV11,PN151_4R_CBD_DIV11,PN151_CBD_4R_DIV11,parsed,PN151,4R,CBD,DIV11,PN151_CBD_4R_DIV11,none,none,none,none,not_applicable,normalized_thumbnail_ncc_threshold_0.995,none,unassigned,expert_validated,human_expert_review,STED expert,not_recorded,Expert-validated fiber-free blank; automated flags are QC only.
sted_blank_data,PN151_4R_CBD_DIV11 (Series 33) [1].tif,blank_background,1d3a2f7e93ff092a6f072ff452b5ffb0f583b2d747c2326e0baa912f8c8cd274,cb4fe53a47ceef27f7fccaa7e78930940d72970213d06e09aea0c89f75cd5eb7,img_d0a41f4af32f4866497f,1024,1024,1,1,uint8,8,0,71,4.04906,3.38671,0,0,0,0,1,3,6,11,14,19,71,255,0,118411,PN151,CBD,4R,CBD_4R,11,DIV11,33,PN151_4R_CBD_DIV11,PN151_4R_CBD_DIV11,PN151_CBD_4R_DIV11,parsed,PN151,4R,CBD,DIV11,PN151_CBD_4R_DIV11,none,none,none,none,not_applicable,normalized_thumbnail_ncc_threshold_0.995,none,unassigned,expert_validated,human_expert_review,STED expert,not_recorded,Expert-validated fiber-free blank; automated flags are QC only.
sted_blank_data,PN151_4R_CBD_DIV11 (Series 4) [1].tif,blank_background,2f788d81fa36ee391f5793f1dd75e6e80e8b0864ff99559fbcea194b15bb78a7,33bfc62ca27efc1ebad488466c095b3dbe4b3339f22701bbd41cdaa143e7e6c1,img_4d5ab86fec7995e4762a,1024,1024,1,1,uint8,8,0,62,4.06357,3.89242,0,0,0,0,1,3,6,11,16,24,62,255,0,172999,PN151,CBD,4R,CBD_4R,11,DIV11,4,PN151_4R_CBD_DIV11,PN151_4R_CBD_DIV11,PN151_CBD_4R_DIV11,parsed,PN151,4R,CBD,DIV11,PN151_CBD_4R_DIV11,none,none,none,none,not_applicable,normalized_thumbnail_ncc_threshold_0.995,none,unassigned,expert_validated,human_expert_review,STED expert,not_recorded,Expert-validated fiber-free blank; automated flags are QC only.
sted_blank_data,PN151_4R_CBD_DIV11 (Series 5) [1].tif,blank_background,60c7521460e79db246d5fb162ab5d7b16011e9abf5d72dcf301fdf54b7b0c0ae,79f59caf6524b2682de0aeb0f8b8c159c5a6758f5d8f76421820a7afee2f6322,img_84c0549996fe08b21c59,1024,1024,1,1,uint8,8,0,81,2.12357,2.6153,0,0,0,0,0,1,3,8,11,19,81,255,0,309876,PN151,CBD,4R,CBD_4R,11,DIV11,5,PN151_4R_CBD_DIV11,PN151_4R_CBD_DIV11,PN151_CBD_4R_DIV11,parsed,PN151,4R,CBD,DIV11,PN151_CBD_4R_DIV11,none,none,none,none,not_applicable,normalized_thumbnail_ncc_threshold_0.995,none,unassigned,expert_validated,human_expert_review,STED expert,not_recorded,Expert-validated fiber-free blank; automated flags are QC only.
sted_blank_data,PN151_4R_CBD_DIV11 (Series 6) [1].tif,blank_background,e0ebbc52c77007a45149c713dcb4aac265a109b7300759009a6bb34b85af5a6b,bf4668b25f226059886e20898b8b677a2e1bc3f08774d8a26d31a65c52dc9988,img_014d9d77d1d61fed189b,1024,1024,1,1,uint8,8,0,92,2.33564,2.46532,0,0,0,0,1,1,3,8,11,16,92,255,0,254467,PN151,CBD,4R,CBD_4R,11,DIV11,6,PN151_4R_CBD_DIV11,PN151_4R_CBD_DIV11,PN151_CBD_4R_DIV11,parsed,PN151,4R,CBD,DIV11,PN151_CBD_4R_DIV11,none,none,none,none,not_applicable,normalized_thumbnail_ncc_threshold_0.995,none,unassigned,expert_validated,human_expert_review,STED expert,not_recorded,Expert-validated fiber-free blank; automated flags are QC only.
sted_blank_data,PN151_4R_CBD_DIV11 (Series 7) [1].tif,blank_background,e2249864f1b36b1230c0249b7b2c7316425a65021be11bbdfb6c48ba0d46e8bf,ba4be965698c8d1248113f92b4ebfd4ee99ade601b9bc227f91aaf99eb91295f,img_9376400c90b45dd4f597,1024,1024,1,1,uint8,8,0,72,3.00374,2.87959,0,0,0,0,1,3,4,8,13,19,72,255,0,176738,PN151,CBD,4R,CBD_4R,11,DIV11,7,PN151_4R_CBD_DIV11,PN151_4R_CBD_DIV11,PN151_CBD_4R_DIV11,parsed,PN151,4R,CBD,DIV11,PN151_CBD_4R_DIV11,none,none,none,none,not_applicable,normalized_thumbnail_ncc_threshold_0.995,none,unassigned,expert_validated,human_expert_review,STED expert,not_recorded,Expert-validated fiber-free blank; automated flags are QC only.
sted_blank_data,PN151_4R_CBD_DIV11 (Series 8) [1].tif,blank_background,ca4a804c7789c17e2c26ff260ccb766f31a0bf86defe237b338f65cae1e9de0d,01043d6cd1fb6d335e3c6f949cd38a0093b285b85abe9471aa7bc44997d20753,img_b1c587d8bfb662ed95c2,1024,1024,1,1,uint8,8,0,66,8.08811,7.99131,0,0,0,0,1,4,14,24,31,39,66,255,0,137149,PN151,CBD,4R,CBD_4R,11,DIV11,8,PN151_4R_CBD_DIV11,PN151_4R_CBD_DIV11,PN151_CBD_4R_DIV11,parsed,PN151,4R,CBD,DIV11,PN151_CBD_4R_DIV11,none,none,none,none,not_applicable,normalized_thumbnail_ncc_threshold_0.995,none,unassigned,expert_validated,human_expert_review,STED expert,not_recorded,Expert-validated fiber-free blank; automated flags are QC only.
sted_blank_data,PN151_4R_CBD_DIV11 (Series 9) [1].tif,blank_background,3bcdd5e0d0cf8bd46f5417a9b0ceea180641f463919be406b0a44c31c0cbe7bb,409acb9e7b6259240002bae640682234fe128eeec35da8af126663bbe29f68aa,img_0d4cd0a31114b105cf51,1024,1024,1,1,uint8,8,0,37,2.93538,3.6116,0,0,0,0,0,1,4,11,16,21,37,255,0,322060,PN151,CBD,4R,CBD_4R,11,DIV11,9,PN151_4R_CBD_DIV11,PN151_4R_CBD_DIV11,PN151_CBD_4R_DIV11,parsed,PN151,4R,CBD,DIV11,PN151_CBD_4R_DIV11,none,none,none,none,not_applicable,normalized_thumbnail_ncc_threshold_0.995,none,unassigned,expert_validated,human_expert_review,STED expert,not_recorded,Expert-validated fiber-free blank; automated flags are QC only.
