stable_image_id,source_root_id,relative_path,source_sha256,acquisition_group,blank_pool_role,assignment_reason,human_approved,blank_status,validation_source,validator_role,validation_date,notes
img_0edb6472854aea980f2a,sted_blank_data,PN148_3R_AD_DIV15 (Series 3) [1].tif,e80b5151baa1699d842c828669568e10ba0d2c9d3f1228bbf7f2e3eaf3d0ff8e,PN148_3R_AD_DIV15,synthetic_background_train,deterministic acquisition-group allocation for synthetic background and pure-blank QA pools,false,expert_validated,human_expert_review,STED expert,not_recorded,Expert-validated fiber-free blank; automated flags are QC only.
img_1672f71f16b77dc4d642,sted_blank_data,PN148_3R_AD_DIV15 (Series 9) [1].tif,fbca9d269628e4dba38b32dea5af9c7ad82f35aa69588fa06a26a7c26af97555,PN148_3R_AD_DIV15,synthetic_background_train,deterministic acquisition-group allocation for synthetic background and pure-blank QA pools,false,expert_validated,human_expert_review,STED expert,not_recorded,Expert-validated fiber-free blank; automated flags are QC only.
img_1ba419dc88931db47c8c,sted_blank_data,PN148_3R_AD_DIV15 (Series 14) [1].tif,dd161396fef820d440cb275eb1a0e955fb1dd6baecda1edfa330e32184b2b26c,PN148_3R_AD_DIV15,synthetic_background_train,deterministic acquisition-group allocation for synthetic background and pure-blank QA pools,false,expert_validated,human_expert_review,STED expert,not_recorded,Expert-validated fiber-free blank; automated flags are QC only.
img_22b8bcb88a805b153993,sted_blank_data,PN148_3R_AD_DIV15 (Series 0) [1].tif,53928f9afb722b049c6bac78c201cdc1efc05e5f6f849a43a26a722ee2022d43,PN148_3R_AD_DIV15,synthetic_background_train,deterministic acquisition-group allocation for synthetic background and pure-blank QA pools,false,expert_validated,human_expert_review,STED expert,not_recorded,Expert-validated fiber-free blank; automated flags are QC only.
img_44974790651d1b7badfa,sted_blank_data,PN148_3R_AD_DIV15 (Series 13) [1].tif,8fe54af41f482dc6c8bef0a3e2dc90cb60036aa4d11a83693e20df039766f8c0,PN148_3R_AD_DIV15,synthetic_background_train,deterministic acquisition-group allocation for synthetic background and pure-blank QA pools,false,expert_validated,human_expert_review,STED expert,not_recorded,Expert-validated fiber-free blank; automated flags are QC only.
img_52fd567a6489c2ee806f,sted_blank_data,PN148_3R_AD_DIV15 (Series 1) [1].tif,2d058a635107e4f03c3ed794af6f6db6aa3f49d2abaf940b454748e5291ba54e,PN148_3R_AD_DIV15,synthetic_background_train,deterministic acquisition-group allocation for synthetic background and pure-blank QA pools,false,expert_validated,human_expert_review,STED expert,not_recorded,Expert-validated fiber-free blank; automated flags are QC only.
img_5882372f16349d4ccf22,sted_blank_data,PN148_3R_AD_DIV15 (Series 8) [1].tif,b7154209002bc36271931190233128c6d07ce40e2f2a0895ec4e2845b84588a9,PN148_3R_AD_DIV15,synthetic_background_train,deterministic acquisition-group allocation for synthetic background and pure-blank QA pools,false,expert_validated,human_expert_review,STED expert,not_recorded,Expert-validated fiber-free blank; automated flags are QC only.
img_6fcc906a6259240a019e,sted_blank_data,PN148_3R_AD_DIV15 (Series 11) [1].tif,84d9923758ef84f0333147df084bcdf10284fc1f8b39e0c7fff9743622395f4b,PN148_3R_AD_DIV15,synthetic_background_train,deterministic acquisition-group allocation for synthetic background and pure-blank QA pools,false,expert_validated,human_expert_review,STED expert,not_recorded,Expert-validated fiber-free blank; automated flags are QC only.
img_7902deec8b57c29e9a62,sted_blank_data,PN148_3R_AD_DIV15 (Series 6) [1].tif,3b6cb1e66209766017bdec88b494c256100f7b293d9bfc1b028acc43de47b938,PN148_3R_AD_DIV15,synthetic_background_train,deterministic acquisition-group allocation for synthetic background and pure-blank QA pools,false,expert_validated,human_expert_review,STED expert,not_recorded,Expert-validated fiber-free blank; automated flags are QC only.
img_a538de08cfa15ee606a9,sted_blank_data,PN148_3R_AD_DIV15 (Series 12) [1].tif,4378e4a4db24f8f0045c7df94814a8b3143dbbbd347e135a9a421e4802b25451,PN148_3R_AD_DIV15,synthetic_background_train,deterministic acquisition-group allocation for synthetic background and pure-blank QA pools,false,expert_validated,human_expert_review,STED expert,not_recorded,Expert-validated fiber-free blank; automated flags are QC only.
img_ca042c3dcfcf09035923,sted_blank_data,PN148_3R_AD_DIV15 (Series 2) [1].tif,297f06db7d9d80b869e95ad0f2dfacc1fe1b19a7bf0def8c0bdafdfacf2a5de2,PN148_3R_AD_DIV15,synthetic_background_train,deterministic acquisition-group allocation for synthetic background and pure-blank QA pools,false,expert_validated,human_expert_review,STED expert,not_recorded,Expert-validated fiber-free blank; automated flags are QC only.
img_e346ea478db12b518ac8,sted_blank_data,PN148_3R_AD_DIV15 (Series 10) [1].tif,41604531d899f26e8938dce3e82f40ba3458089810db7772647b2a015bdf1237,PN148_3R_AD_DIV15,synthetic_background_train,deterministic acquisition-group allocation for synthetic background and pure-blank QA pools,false,expert_validated,human_expert_review,STED expert,not_recorded,Expert-validated fiber-free blank; automated flags are QC only.
img_e365a76f42760dd466b9,sted_blank_data,PN148_3R_AD_DIV15 (Series 5) [1].tif,a59e90ee6c250133d557be3871ed03dabc7cf24979844dec95d692589bb4b8ab,PN148_3R_AD_DIV15,synthetic_background_train,deterministic acquisition-group allocation for synthetic background and pure-blank QA pools,false,expert_validated,human_expert_review,STED expert,not_recorded,Expert-validated fiber-free blank; automated flags are QC only.
img_e5db75d93a225639e3a4,sted_blank_data,PN148_3R_AD_DIV15 (Series 4) [1].tif,67dc3f78f5a8da27fcdf07711c2e5d4670ea13d6686ae4ecc5f27067139cd714,PN148_3R_AD_DIV15,synthetic_background_train,deterministic acquisition-group allocation for synthetic background and pure-blank QA pools,false,expert_validated,human_expert_review,STED expert,not_recorded,Expert-validated fiber-free blank; automated flags are QC only.
img_fe985fa79b4211834161,sted_blank_data,PN148_3R_AD_DIV15 (Series 7) [1].tif,186070633e9592a9cb650ab9a3bc34170be974b0c7b6f1e2f47b0e0fef47dfa3,PN148_3R_AD_DIV15,synthetic_background_train,deterministic acquisition-group allocation for synthetic background and pure-blank QA pools,false,expert_validated,human_expert_review,STED expert,not_recorded,Expert-validated fiber-free blank; automated flags are QC only.
img_06d36760bbaf9a2f347b,sted_blank_data,PN148_3R_PID_DIV10 (Series 6) [1].tif,569dbe00b3311a4de615df9dc96b167a052428e4e5a56904c7ded8a0b58cf2c4,PN148_3R_PID_DIV10,synthetic_background_validation,deterministic acquisition-group allocation for synthetic background and pure-blank QA pools,false,expert_validated,human_expert_review,STED expert,not_recorded,Expert-validated fiber-free blank; automated flags are QC only.
img_06e6444a28b393d9c6d5,sted_blank_data,PN148_3R_PID_DIV10 (Series 12) [1].tif,feed407cf6781ad597e634c9eda13135c2fa6098ea20554822a16021d2a8be48,PN148_3R_PID_DIV10,synthetic_background_validation,deterministic acquisition-group allocation for synthetic background and pure-blank QA pools,false,expert_validated,human_expert_review,STED expert,not_recorded,Expert-validated fiber-free blank; automated flags are QC only.
img_071f2eb0e8624d5adc25,sted_blank_data,PN148_3R_PID_DIV10 (Series 3) [1].tif,2991a39f2d51209b2c1d1601248bad7d34bcb4d8959a805ee8c935b2729b84dc,PN148_3R_PID_DIV10,synthetic_background_validation,deterministic acquisition-group allocation for synthetic background and pure-blank QA pools,false,expert_validated,human_expert_review,STED expert,not_recorded,Expert-validated fiber-free blank; automated flags are QC only.
img_0f46f20cbb8877572a9b,sted_blank_data,PN148_3R_PID_DIV10 (Series 13) [1].tif,113b2a17fa057822cbf862cbb51e80a4ba503837ff7f027ce4b313bfd4b639ca,PN148_3R_PID_DIV10,synthetic_background_validation,deterministic acquisition-group allocation for synthetic background and pure-blank QA pools,false,expert_validated,human_expert_review,STED expert,not_recorded,Expert-validated fiber-free blank; automated flags are QC only.
img_17506389406a99cb56d1,sted_blank_data,PN148_3R_PID_DIV10 (Series 9) [1].tif,c79c3420b682834a4a5622e44f04427c17e92ffd3f5d14c8144d3175cfb1ffbe,PN148_3R_PID_DIV10,synthetic_background_validation,deterministic acquisition-group allocation for synthetic background and pure-blank QA pools,false,expert_validated,human_expert_review,STED expert,not_recorded,Expert-validated fiber-free blank; automated flags are QC only.
img_197a1eda9c7e380a79bc,sted_blank_data,PN148_3R_PID_DIV10 (Series 5) [1].tif,a176492066ee9f4e4e7355f7c58563ac4277a52468410cc8885d29c4ae5f44b2,PN148_3R_PID_DIV10,synthetic_background_validation,deterministic acquisition-group allocation for synthetic background and pure-blank QA pools,false,expert_validated,human_expert_review,STED expert,not_recorded,Expert-validated fiber-free blank; automated flags are QC only.
img_2677af2396cd59353057,sted_blank_data,PN148_3R_PID_DIV10 (Series 7) [1].tif,0998685d2fd53596825954300ad7a620258d46bcea8788c3e61f847fe9d6add4,PN148_3R_PID_DIV10,synthetic_background_validation,deterministic acquisition-group allocation for synthetic background and pure-blank QA pools,false,expert_validated,human_expert_review,STED expert,not_recorded,Expert-validated fiber-free blank; automated flags are QC only.
img_38b3a73612601c2365dc,sted_blank_data,PN148_3R_PID_DIV10 (Series 8) [1].tif,8d5a3759c5cb5796ff5f45c40f1c3b9ebdf819ed1f63f1d9820b594fc9c28602,PN148_3R_PID_DIV10,synthetic_background_validation,deterministic acquisition-group allocation for synthetic background and pure-blank QA pools,false,expert_validated,human_expert_review,STED expert,not_recorded,Expert-validated fiber-free blank; automated flags are QC only.
img_3e48ea79cdd6eb2f3608,sted_blank_data,PN148_3R_PID_DIV10 (Series 14) [1].tif,7f42888d11a6e47b5c26a7562ede5b2439997fb0b935c32baa1a03ff963ceaa2,PN148_3R_PID_DIV10,synthetic_background_validation,deterministic acquisition-group allocation for synthetic background and pure-blank QA pools,false,expert_validated,human_expert_review,STED expert,not_recorded,Expert-validated fiber-free blank; automated flags are QC only.
img_57d3081a023bc4ed425e,sted_blank_data,PN148_3R_PID_DIV10 (Series 0) [1].tif,a720720e8478368f14f6f8ee8e2f61362110701c593e3c0f491c0ebc03bf499f,PN148_3R_PID_DIV10,synthetic_background_validation,deterministic acquisition-group allocation for synthetic background and pure-blank QA pools,false,expert_validated,human_expert_review,STED expert,not_recorded,Expert-validated fiber-free blank; automated flags are QC only.
img_805765bc5e62c0da37aa,sted_blank_data,PN148_3R_PID_DIV10 (Series 10) [1].tif,92e5883be378c515bedea3ac0c2259fc320a5f04c3260caaca790180d5bebcea,PN148_3R_PID_DIV10,synthetic_background_validation,deterministic acquisition-group allocation for synthetic background and pure-blank QA pools,false,expert_validated,human_expert_review,STED expert,not_recorded,Expert-validated fiber-free blank; automated flags are QC only.
img_8e8d01b23af815bfbb96,sted_blank_data,PN148_3R_PID_DIV10 (Series 11) [1].tif,d3c755770f1b86164a96d3fbd7b823a65c0a6625ae23a6cef311fe6d30b580c8,PN148_3R_PID_DIV10,synthetic_background_validation,deterministic acquisition-group allocation for synthetic background and pure-blank QA pools,false,expert_validated,human_expert_review,STED expert,not_recorded,Expert-validated fiber-free blank; automated flags are QC only.
img_94ceca68616646b10924,sted_blank_data,PN148_3R_PID_DIV10 (Series 1) [1].tif,1424c69392a1b3c218fdb46d35d6ed4e393ae1f0802aac6fd6f2eb591f53aef8,PN148_3R_PID_DIV10,synthetic_background_validation,deterministic acquisition-group allocation for synthetic background and pure-blank QA pools,false,expert_validated,human_expert_review,STED expert,not_recorded,Expert-validated fiber-free blank; automated flags are QC only.
img_995ca957d2d911f16a9e,sted_blank_data,PN148_3R_PID_DIV10 (Series 4) [1].tif,5cffc04bce85e8bc739116e6c5e7c5fea1876b10849530a012315efed06f0b7d,PN148_3R_PID_DIV10,synthetic_background_validation,deterministic acquisition-group allocation for synthetic background and pure-blank QA pools,false,expert_validated,human_expert_review,STED expert,not_recorded,Expert-validated fiber-free blank; automated flags are QC only.
img_abf6a940f9676a485bfb,sted_blank_data,PN148_3R_PID_DIV10 (Series 2) [1].tif,3355f3ecec76967f13fe9b754a81e94e25af5756a306251b278b707ddcb01f47,PN148_3R_PID_DIV10,synthetic_background_validation,deterministic acquisition-group allocation for synthetic background and pure-blank QA pools,false,expert_validated,human_expert_review,STED expert,not_recorded,Expert-validated fiber-free blank; automated flags are QC only.
img_08ae300ced4437e087dc,sted_blank_data,PN148_4R_AD_DIV13 (Series 2) [1].tif,7ea2c90e5c165321b1f3d2723bfbe99b12708bf751795195552235ecce434163,PN148_4R_AD_DIV13,synthetic_background_test,deterministic acquisition-group allocation for synthetic background and pure-blank QA pools,false,expert_validated,human_expert_review,STED expert,not_recorded,Expert-validated fiber-free blank; automated flags are QC only.
img_1093d39c10b8866240ef,sted_blank_data,PN148_4R_AD_DIV13 (Series 0) [1].tif,00f0340bbafd26dd78a297fa1948289d66591f2dba24b9f0fbdf9243508f692c,PN148_4R_AD_DIV13,synthetic_background_test,deterministic acquisition-group allocation for synthetic background and pure-blank QA pools,false,expert_validated,human_expert_review,STED expert,not_recorded,Expert-validated fiber-free blank; automated flags are QC only.
img_10b1191cd6b41696b305,sted_blank_data,PN148_4R_AD_DIV13 (Series 10) [1].tif,ab8bf7d635475c705e6fabf596a3b049b14efd19336ecc16dfbfaf70585b4e5b,PN148_4R_AD_DIV13,synthetic_background_test,deterministic acquisition-group allocation for synthetic background and pure-blank QA pools,false,expert_validated,human_expert_review,STED expert,not_recorded,Expert-validated fiber-free blank; automated flags are QC only.
img_308fa0196a5896a7896b,sted_blank_data,PN148_4R_AD_DIV13 (Series 8) [1].tif,25a9485250350cd7eec1cc200768d1221b82ba3714b232041c5eab7284b1be10,PN148_4R_AD_DIV13,synthetic_background_test,deterministic acquisition-group allocation for synthetic background and pure-blank QA pools,false,expert_validated,human_expert_review,STED expert,not_recorded,Expert-validated fiber-free blank; automated flags are QC only.
img_351f2b19d31066686b88,sted_blank_data,PN148_4R_AD_DIV13 (Series 12) [1].tif,95a3bf6fe19bff0b2cdae12aedb8d3402f808aa3e94ebe03732b346b29cda610,PN148_4R_AD_DIV13,synthetic_background_test,deterministic acquisition-group allocation for synthetic background and pure-blank QA pools,false,expert_validated,human_expert_review,STED expert,not_recorded,Expert-validated fiber-free blank; automated flags are QC only.
img_4d9d3625c64a57acb19e,sted_blank_data,PN148_4R_AD_DIV13 (Series 1) [1].tif,b571f08d97dc55cb02345b97cb1c9f1dea35209d24905647d8ad1d00563d8354,PN148_4R_AD_DIV13,synthetic_background_test,deterministic acquisition-group allocation for synthetic background and pure-blank QA pools,false,expert_validated,human_expert_review,STED expert,not_recorded,Expert-validated fiber-free blank; automated flags are QC only.
img_554468edaeb27daf1a00,sted_blank_data,PN148_4R_AD_DIV13 (Series 13) [1].tif,5606ec1615393b355c5c795540228fd5631a7607312e3fbae31f6193be84290c,PN148_4R_AD_DIV13,synthetic_background_test,deterministic acquisition-group allocation for synthetic background and pure-blank QA pools,false,expert_validated,human_expert_review,STED expert,not_recorded,Expert-validated fiber-free blank; automated flags are QC only.
img_7614f115c69c8f5322b1,sted_blank_data,PN148_4R_AD_DIV13 (Series 6) [1].tif,a00679d15bbbf7ddbb320c4a3c88b3ab65d7a023d660cfff19c90a01e1639290,PN148_4R_AD_DIV13,synthetic_background_test,deterministic acquisition-group allocation for synthetic background and pure-blank QA pools,false,expert_validated,human_expert_review,STED expert,not_recorded,Expert-validated fiber-free blank; automated flags are QC only.
img_918a8d57c1cfbf26031e,sted_blank_data,PN148_4R_AD_DIV13 (Series 5) [1].tif,71c5303c9740f3f9ccca5b0c69ccb8a4fe41c312bd7073f94c66bc351d516129,PN148_4R_AD_DIV13,synthetic_background_test,deterministic acquisition-group allocation for synthetic background and pure-blank QA pools,false,expert_validated,human_expert_review,STED expert,not_recorded,Expert-validated fiber-free blank; automated flags are QC only.
img_9a69c45d7e06db0d986d,sted_blank_data,PN148_4R_AD_DIV13 (Series 7) [1].tif,7061e2a262219bebd95d637fa130d24c74fbe5df8df32a8bebc56345c08ab177,PN148_4R_AD_DIV13,synthetic_background_test,deterministic acquisition-group allocation for synthetic background and pure-blank QA pools,false,expert_validated,human_expert_review,STED expert,not_recorded,Expert-validated fiber-free blank; automated flags are QC only.
img_b30eb561e93baf3b6805,sted_blank_data,PN148_4R_AD_DIV13 (Series 9) [1].tif,5e46dd025de2af275760770a31773b81904d183d9de5ef376a781956ffb8f59c,PN148_4R_AD_DIV13,synthetic_background_test,deterministic acquisition-group allocation for synthetic background and pure-blank QA pools,false,expert_validated,human_expert_review,STED expert,not_recorded,Expert-validated fiber-free blank; automated flags are QC only.
img_c00182c8d4f47fe67aa9,sted_blank_data,PN148_4R_AD_DIV13 (Series 3) [1].tif,d62fa42b11e9ba098106da95c642ca002246123ac7756d8c54f4cab992431b5d,PN148_4R_AD_DIV13,synthetic_background_test,deterministic acquisition-group allocation for synthetic background and pure-blank QA pools,false,expert_validated,human_expert_review,STED expert,not_recorded,Expert-validated fiber-free blank; automated flags are QC only.
img_cefbf3d960c7c90cf3ce,sted_blank_data,PN148_4R_AD_DIV13 (Series 14) [1].tif,15f660ef8d4d5312f58362dde109c8499688f93b5f4370a483bf3bbb5ec9ce1b,PN148_4R_AD_DIV13,synthetic_background_test,deterministic acquisition-group allocation for synthetic background and pure-blank QA pools,false,expert_validated,human_expert_review,STED expert,not_recorded,Expert-validated fiber-free blank; automated flags are QC only.
img_f2a8653ec1225506a72c,sted_blank_data,PN148_4R_AD_DIV13 (Series 4) [1].tif,a6242fdb753f1c64c2d65d3c8f22e6d4d08bbcded0e43c285274cd89ea0be6ea,PN148_4R_AD_DIV13,synthetic_background_test,deterministic acquisition-group allocation for synthetic background and pure-blank QA pools,false,expert_validated,human_expert_review,STED expert,not_recorded,Expert-validated fiber-free blank; automated flags are QC only.
img_f40f7e407dc3b95780c6,sted_blank_data,PN148_4R_AD_DIV13 (Series 11) [1].tif,a5ab01a21e226776fc2a24ce3f1aa0a8fd8a3fd6d5dbbccd0b7481c01537f46a,PN148_4R_AD_DIV13,synthetic_background_test,deterministic acquisition-group allocation for synthetic background and pure-blank QA pools,false,expert_validated,human_expert_review,STED expert,not_recorded,Expert-validated fiber-free blank; automated flags are QC only.
img_06494922b372657b5c88,sted_blank_data,PN148_4R_PSP_DIV15 (Series 4) [1].tif,40687b28377d3e22c37dbbaaf8060e067b0185e80151149c9962e0d63ad8bf2c,PN148_4R_PSP_DIV15,pure_blank_qa,deterministic acquisition-group allocation for synthetic background and pure-blank QA pools,false,expert_validated,human_expert_review,STED expert,not_recorded,Expert-validated fiber-free blank; automated flags are QC only.
img_0669b4ccbe5730187943,sted_blank_data,PN148_4R_PSP_DIV15 (Series 13) [1].tif,3b3a9e8b4c2b724a884282387e82042d4532dad011a841ef59ef9f69721048d0,PN148_4R_PSP_DIV15,pure_blank_qa,deterministic acquisition-group allocation for synthetic background and pure-blank QA pools,false,expert_validated,human_expert_review,STED expert,not_recorded,Expert-validated fiber-free blank; automated flags are QC only.
img_36dad896ed23db2e1874,sted_blank_data,PN148_4R_PSP_DIV15 (Series 14) [1].tif,fd6681698152de2a295ad942d525a8a4220b944a1fe78ad43d1bf72bcf130c89,PN148_4R_PSP_DIV15,pure_blank_qa,deterministic acquisition-group allocation for synthetic background and pure-blank QA pools,false,expert_validated,human_expert_review,STED expert,not_recorded,Expert-validated fiber-free blank; automated flags are QC only.
img_4c827f12554905a4e808,sted_blank_data,PN148_4R_PSP_DIV15 (Series 9) [1].tif,ecd0a87e002d7b96409df4314e0406cfd9570e50ff2b74f205e057b1becaa82c,PN148_4R_PSP_DIV15,pure_blank_qa,deterministic acquisition-group allocation for synthetic background and pure-blank QA pools,false,expert_validated,human_expert_review,STED expert,not_recorded,Expert-validated fiber-free blank; automated flags are QC only.
img_722a93ba2d08d0000780,sted_blank_data,PN148_4R_PSP_DIV15 (Series 3) [1].tif,877d7c759158f96732325806a8d7594820511e024f05166620ba2078b006776a,PN148_4R_PSP_DIV15,pure_blank_qa,deterministic acquisition-group allocation for synthetic background and pure-blank QA pools,false,expert_validated,human_expert_review,STED expert,not_recorded,Expert-validated fiber-free blank; automated flags are QC only.
img_7feb5e8e13265c3c18f0,sted_blank_data,PN148_4R_PSP_DIV15 (Series 6) [1].tif,36159944d0ca7c9ecafc6b3ce3f867f7173bf77f72226dab38a2dfabadefc855,PN148_4R_PSP_DIV15,pure_blank_qa,deterministic acquisition-group allocation for synthetic background and pure-blank QA pools,false,expert_validated,human_expert_review,STED expert,not_recorded,Expert-validated fiber-free blank; automated flags are QC only.
img_8995027102563a3627f3,sted_blank_data,PN148_4R_PSP_DIV15 (Series 10) [1].tif,f26ec68b2567c73a27c570bb10dd8a1cb6379df82e1422e46cdc0a26f4dbc9b0,PN148_4R_PSP_DIV15,pure_blank_qa,deterministic acquisition-group allocation for synthetic background and pure-blank QA pools,false,expert_validated,human_expert_review,STED expert,not_recorded,Expert-validated fiber-free blank; automated flags are QC only.
img_9a2b1bf1a7264d1bafde,sted_blank_data,PN148_4R_PSP_DIV15 (Series 7) [1].tif,4c444e47863b00808aadbe57addc0ae77b0cc21adfd0c44be8b618dff7b7b1ff,PN148_4R_PSP_DIV15,pure_blank_qa,deterministic acquisition-group allocation for synthetic background and pure-blank QA pools,false,expert_validated,human_expert_review,STED expert,not_recorded,Expert-validated fiber-free blank; automated flags are QC only.
img_9b9b12e6080c8ba88b54,sted_blank_data,PN148_4R_PSP_DIV15 (Series 8) [1].tif,4c7e2a880d5ff88a81d214bba5386ce2c72f220840a187b66d6e43925854e4c0,PN148_4R_PSP_DIV15,pure_blank_qa,deterministic acquisition-group allocation for synthetic background and pure-blank QA pools,false,expert_validated,human_expert_review,STED expert,not_recorded,Expert-validated fiber-free blank; automated flags are QC only.
img_ab55a590feb887795c37,sted_blank_data,PN148_4R_PSP_DIV15 (Series 2) [1].tif,b14f76dd42f432c37d54bdb712ded8f9e034905f535019fc928b5b2061efdecf,PN148_4R_PSP_DIV15,pure_blank_qa,deterministic acquisition-group allocation for synthetic background and pure-blank QA pools,false,expert_validated,human_expert_review,STED expert,not_recorded,Expert-validated fiber-free blank; automated flags are QC only.
img_ba526d53c5769bd5fece,sted_blank_data,PN148_4R_PSP_DIV15 (Series 1) [1].tif,13ddf75fdacf87650673caeaad21fe977e312ea769003e474b288cc53b7efbdd,PN148_4R_PSP_DIV15,pure_blank_qa,deterministic acquisition-group allocation for synthetic background and pure-blank QA pools,false,expert_validated,human_expert_review,STED expert,not_recorded,Expert-validated fiber-free blank; automated flags are QC only.
img_bddb96edb958708b88cc,sted_blank_data,PN148_4R_PSP_DIV15 (Series 12) [1].tif,f3af9fca18be1d2c2d5f80b9f099d3aa4dd00fddaea08382bf6f4819e6ec568a,PN148_4R_PSP_DIV15,pure_blank_qa,deterministic acquisition-group allocation for synthetic background and pure-blank QA pools,false,expert_validated,human_expert_review,STED expert,not_recorded,Expert-validated fiber-free blank; automated flags are QC only.
img_da08c5d1ab61d07f614b,sted_blank_data,PN148_4R_PSP_DIV15 (Series 5) [1].tif,73fbed9ecc09a182b9a0bf65d57dbba2a1f61b43942c815e9c462d21167cfdcf,PN148_4R_PSP_DIV15,pure_blank_qa,deterministic acquisition-group allocation for synthetic background and pure-blank QA pools,false,expert_validated,human_expert_review,STED expert,not_recorded,Expert-validated fiber-free blank; automated flags are QC only.
img_e0f39b43e3d3f4c281a1,sted_blank_data,PN148_4R_PSP_DIV15 (Series 0) [1].tif,0f8379327773926ddb34356f7b99311d33537e493e0335f068681719d7e2bf9d,PN148_4R_PSP_DIV15,pure_blank_qa,deterministic acquisition-group allocation for synthetic background and pure-blank QA pools,false,expert_validated,human_expert_review,STED expert,not_recorded,Expert-validated fiber-free blank; automated flags are QC only.
img_f350649ab42bc5242f19,sted_blank_data,PN148_4R_PSP_DIV15 (Series 11) [1].tif,ad2acce5af1c707139c1f3703fd9c2f9e141eb3be4b5245804449faa4c967c4a,PN148_4R_PSP_DIV15,pure_blank_qa,deterministic acquisition-group allocation for synthetic background and pure-blank QA pools,false,expert_validated,human_expert_review,STED expert,not_recorded,Expert-validated fiber-free blank; automated flags are QC only.
img_014d9d77d1d61fed189b,sted_blank_data,PN151_4R_CBD_DIV11 (Series 6) [1].tif,e0ebbc52c77007a45149c713dcb4aac265a109b7300759009a6bb34b85af5a6b,PN151_4R_CBD_DIV11,synthetic_background_train,deterministic acquisition-group allocation for synthetic background and pure-blank QA pools,false,expert_validated,human_expert_review,STED expert,not_recorded,Expert-validated fiber-free blank; automated flags are QC only.
img_093eea09221a4db0ebec,sted_blank_data,PN151_4R_CBD_DIV11 (Series 1) [1].tif,d44003d8dc9d9c543e2d37836eb1295238dc1f779d2c6b741d5b9eff487f6111,PN151_4R_CBD_DIV11,synthetic_background_train,deterministic acquisition-group allocation for synthetic background and pure-blank QA pools,false,expert_validated,human_expert_review,STED expert,not_recorded,Expert-validated fiber-free blank; automated flags are QC only.
img_0d1c01fd26080936f42b,sted_blank_data,PN151_4R_CBD_DIV11 (Series 19) [1].tif,7377c928eafd8de4365af6f2d46b43fb96d619ebc19fd9ff19e14f3861068b1e,PN151_4R_CBD_DIV11,synthetic_background_train,deterministic acquisition-group allocation for synthetic background and pure-blank QA pools,false,expert_validated,human_expert_review,STED expert,not_recorded,Expert-validated fiber-free blank; automated flags are QC only.
img_0d4cd0a31114b105cf51,sted_blank_data,PN151_4R_CBD_DIV11 (Series 9) [1].tif,3bcdd5e0d0cf8bd46f5417a9b0ceea180641f463919be406b0a44c31c0cbe7bb,PN151_4R_CBD_DIV11,synthetic_background_train,deterministic acquisition-group allocation for synthetic background and pure-blank QA pools,false,expert_validated,human_expert_review,STED expert,not_recorded,Expert-validated fiber-free blank; automated flags are QC only.
img_178ab769e005e689ff6f,sted_blank_data,PN151_4R_CBD_DIV11 (Series 2) [1].tif,6792642327aaff9284167cec293c43a6fd77246a81d6cbd8ecf1cc34c35aad50,PN151_4R_CBD_DIV11,synthetic_background_train,deterministic acquisition-group allocation for synthetic background and pure-blank QA pools,false,expert_validated,human_expert_review,STED expert,not_recorded,Expert-validated fiber-free blank; automated flags are QC only.
img_22a6ba5828c46f12f6e5,sted_blank_data,PN151_4R_CBD_DIV11 (Series 0) [1].tif,1ce4b543442878b027b197aa4923ba625dbca07d8c9c429137a78d21e5088fe9,PN151_4R_CBD_DIV11,synthetic_background_train,deterministic acquisition-group allocation for synthetic background and pure-blank QA pools,false,expert_validated,human_expert_review,STED expert,not_recorded,Expert-validated fiber-free blank; automated flags are QC only.
img_2e9cc5effd6823d55d02,sted_blank_data,PN151_4R_CBD_DIV11 (Series 27) [1].tif,812701e720bd24174bbca2e60943deeddf8b0334d4b1c7a41fa6f24b6b8992f2,PN151_4R_CBD_DIV11,synthetic_background_train,deterministic acquisition-group allocation for synthetic background and pure-blank QA pools,false,expert_validated,human_expert_review,STED expert,not_recorded,Expert-validated fiber-free blank; automated flags are QC only.
img_34d44dfa65b93f389f95,sted_blank_data,PN151_4R_CBD_DIV11 (Series 17) [1].tif,702b92999d7178f571c3e7efa432b6c6face9ae3067a2d45210d3bede5f22f35,PN151_4R_CBD_DIV11,synthetic_background_train,deterministic acquisition-group allocation for synthetic background and pure-blank QA pools,false,expert_validated,human_expert_review,STED expert,not_recorded,Expert-validated fiber-free blank; automated flags are QC only.
img_380582f92698aae8c505,sted_blank_data,PN151_4R_CBD_DIV11 (Series 32) [1].tif,8de9288d45526b6785648bef2c67f3fa5fe549e3fb5c1ceb28f4b58873c61fd3,PN151_4R_CBD_DIV11,synthetic_background_train,deterministic acquisition-group allocation for synthetic background and pure-blank QA pools,false,expert_validated,human_expert_review,STED expert,not_recorded,Expert-validated fiber-free blank; automated flags are QC only.
img_3fcd76c473a770a81832,sted_blank_data,PN151_4R_CBD_DIV11 (Series 13) [1].tif,4f4c34af312f5f272a6e6ee08e6f0582bcba04c14ca36911a3c0d839f9691940,PN151_4R_CBD_DIV11,synthetic_background_train,deterministic acquisition-group allocation for synthetic background and pure-blank QA pools,false,expert_validated,human_expert_review,STED expert,not_recorded,Expert-validated fiber-free blank; automated flags are QC only.
img_42e8d8a784a69489e580,sted_blank_data,PN151_4R_CBD_DIV11 (Series 11) [1].tif,f3ee9368ee61dc7ab7fdaca42d72e94f8e7fbcc7d5f985e7937b393d7f48883f,PN151_4R_CBD_DIV11,synthetic_background_train,deterministic acquisition-group allocation for synthetic background and pure-blank QA pools,false,expert_validated,human_expert_review,STED expert,not_recorded,Expert-validated fiber-free blank; automated flags are QC only.
img_43d0f384b07d7388d6db,sted_blank_data,PN151_4R_CBD_DIV11 (Series 20) [1].tif,46dfcdd4f0a0ef26969190f56d3478ac3845d02c2bd8ac54dc00023864f326d2,PN151_4R_CBD_DIV11,synthetic_background_train,deterministic acquisition-group allocation for synthetic background and pure-blank QA pools,false,expert_validated,human_expert_review,STED expert,not_recorded,Expert-validated fiber-free blank; automated flags are QC only.
img_4a12cb04c6ad4b44f7e4,sted_blank_data,PN151_4R_CBD_DIV11 (Series 10) [1].tif,00a88f0e42dc8388bb3428c81ae5a786b7206958ccb6d1a56b2ff3ea2619019c,PN151_4R_CBD_DIV11,synthetic_background_train,deterministic acquisition-group allocation for synthetic background and pure-blank QA pools,false,expert_validated,human_expert_review,STED expert,not_recorded,Expert-validated fiber-free blank; automated flags are QC only.
img_4b1f1b0523dd6c73177c,sted_blank_data,PN151_4R_CBD_DIV11 (Series 12) [1].tif,9462a29f126478c29267f3d63aeb45e621ee442e0f85a6a4ed51037c69fcf736,PN151_4R_CBD_DIV11,synthetic_background_train,deterministic acquisition-group allocation for synthetic background and pure-blank QA pools,false,expert_validated,human_expert_review,STED expert,not_recorded,Expert-validated fiber-free blank; automated flags are QC only.
img_4d5ab86fec7995e4762a,sted_blank_data,PN151_4R_CBD_DIV11 (Series 4) [1].tif,2f788d81fa36ee391f5793f1dd75e6e80e8b0864ff99559fbcea194b15bb78a7,PN151_4R_CBD_DIV11,synthetic_background_train,deterministic acquisition-group allocation for synthetic background and pure-blank QA pools,false,expert_validated,human_expert_review,STED expert,not_recorded,Expert-validated fiber-free blank; automated flags are QC only.
img_4ec66ad0f9ecacf25377,sted_blank_data,PN151_4R_CBD_DIV11 (Series 22) [1].tif,14d793dbeaa44ca6478e6c149503b8478c4994fb119e38945ffc938696edcb0b,PN151_4R_CBD_DIV11,synthetic_background_train,deterministic acquisition-group allocation for synthetic background and pure-blank QA pools,false,expert_validated,human_expert_review,STED expert,not_recorded,Expert-validated fiber-free blank; automated flags are QC only.
img_5dde17f7235bd3b91b4e,sted_blank_data,PN151_4R_CBD_DIV11 (Series 15) [1].tif,b81ab0c27b7c5d7794c36469272c843196dc848a4e5185bdfa3b513cc803164e,PN151_4R_CBD_DIV11,synthetic_background_train,deterministic acquisition-group allocation for synthetic background and pure-blank QA pools,false,expert_validated,human_expert_review,STED expert,not_recorded,Expert-validated fiber-free blank; automated flags are QC only.
img_84c0549996fe08b21c59,sted_blank_data,PN151_4R_CBD_DIV11 (Series 5) [1].tif,60c7521460e79db246d5fb162ab5d7b16011e9abf5d72dcf301fdf54b7b0c0ae,PN151_4R_CBD_DIV11,synthetic_background_train,deterministic acquisition-group allocation for synthetic background and pure-blank QA pools,false,expert_validated,human_expert_review,STED expert,not_recorded,Expert-validated fiber-free blank; automated flags are QC only.
img_85bd0416dfc971c6ce41,sted_blank_data,PN151_4R_CBD_DIV11 (Series 26) [1].tif,340fa81da49736e0112eb5c678146b0d0b34e420b4cc924fc5136452cae05ec7,PN151_4R_CBD_DIV11,synthetic_background_train,deterministic acquisition-group allocation for synthetic background and pure-blank QA pools,false,expert_validated,human_expert_review,STED expert,not_recorded,Expert-validated fiber-free blank; automated flags are QC only.
img_8ad7d07fa1daa0209cfb,sted_blank_data,PN151_4R_CBD_DIV11 (Series 16) [1].tif,cdbbd8d8964ef12d12d5b7a220c73107505cea1bb600fe5c722ebc3a763d09f6,PN151_4R_CBD_DIV11,synthetic_background_train,deterministic acquisition-group allocation for synthetic background and pure-blank QA pools,false,expert_validated,human_expert_review,STED expert,not_recorded,Expert-validated fiber-free blank; automated flags are QC only.
img_908ed3f9b3c24e1d482b,sted_blank_data,PN151_4R_CBD_DIV11 (Series 14) [1].tif,161ce6da7f952f39e9e01236675a8bdacd000a02cafcb716f3ca57cbcf324b87,PN151_4R_CBD_DIV11,synthetic_background_train,deterministic acquisition-group allocation for synthetic background and pure-blank QA pools,false,expert_validated,human_expert_review,STED expert,not_recorded,Expert-validated fiber-free blank; automated flags are QC only.
img_9376400c90b45dd4f597,sted_blank_data,PN151_4R_CBD_DIV11 (Series 7) [1].tif,e2249864f1b36b1230c0249b7b2c7316425a65021be11bbdfb6c48ba0d46e8bf,PN151_4R_CBD_DIV11,synthetic_background_train,deterministic acquisition-group allocation for synthetic background and pure-blank QA pools,false,expert_validated,human_expert_review,STED expert,not_recorded,Expert-validated fiber-free blank; automated flags are QC only.
img_a423ba5191509d03f98b,sted_blank_data,PN151_4R_CBD_DIV11 (Series 21) [1].tif,f2dc2ba65bb3771eb3a2dd93fb47e3ac50b5179e54c9bb5ccaeb470646509e97,PN151_4R_CBD_DIV11,synthetic_background_train,deterministic acquisition-group allocation for synthetic background and pure-blank QA pools,false,expert_validated,human_expert_review,STED expert,not_recorded,Expert-validated fiber-free blank; automated flags are QC only.
img_ab8a5dd57e15fbe9d2e3,sted_blank_data,PN151_4R_CBD_DIV11 (Series 18) [1].tif,b22cfaffab53a9adde93635f7645e911a03a0a0b213e0e6fa55ec02d94b9f52a,PN151_4R_CBD_DIV11,synthetic_background_train,deterministic acquisition-group allocation for synthetic background and pure-blank QA pools,false,expert_validated,human_expert_review,STED expert,not_recorded,Expert-validated fiber-free blank; automated flags are QC only.
img_afedddc4a39035e55219,sted_blank_data,PN151_4R_CBD_DIV11 (Series 28) [1].tif,fa974d03d5e173b59970ce0bd0cde9df58fff454446417e2f5b1218b5019a072,PN151_4R_CBD_DIV11,synthetic_background_train,deterministic acquisition-group allocation for synthetic background and pure-blank QA pools,false,expert_validated,human_expert_review,STED expert,not_recorded,Expert-validated fiber-free blank; automated flags are QC only.
img_b1c587d8bfb662ed95c2,sted_blank_data,PN151_4R_CBD_DIV11 (Series 8) [1].tif,ca4a804c7789c17e2c26ff260ccb766f31a0bf86defe237b338f65cae1e9de0d,PN151_4R_CBD_DIV11,synthetic_background_train,deterministic acquisition-group allocation for synthetic background and pure-blank QA pools,false,expert_validated,human_expert_review,STED expert,not_recorded,Expert-validated fiber-free blank; automated flags are QC only.
img_b2abcc150c16a6d7cca7,sted_blank_data,PN151_4R_CBD_DIV11 (Series 23) [1].tif,e6fde915983b0a0f70d97f1fc577e0a96b46aeba5d18053fedf4944078041570,PN151_4R_CBD_DIV11,synthetic_background_train,deterministic acquisition-group allocation for synthetic background and pure-blank QA pools,false,expert_validated,human_expert_review,STED expert,not_recorded,Expert-validated fiber-free blank; automated flags are QC only.
img_c25e79b9bfb565174fe1,sted_blank_data,PN151_4R_CBD_DIV11 (Series 31) [1].tif,09859222532576ee23514fa2ef13421ba12fb92e534ce7671d4e6e2641363904,PN151_4R_CBD_DIV11,synthetic_background_train,deterministic acquisition-group allocation for synthetic background and pure-blank QA pools,false,expert_validated,human_expert_review,STED expert,not_recorded,Expert-validated fiber-free blank; automated flags are QC only.
img_d0a41f4af32f4866497f,sted_blank_data,PN151_4R_CBD_DIV11 (Series 33) [1].tif,1d3a2f7e93ff092a6f072ff452b5ffb0f583b2d747c2326e0baa912f8c8cd274,PN151_4R_CBD_DIV11,synthetic_background_train,deterministic acquisition-group allocation for synthetic background and pure-blank QA pools,false,expert_validated,human_expert_review,STED expert,not_recorded,Expert-validated fiber-free blank; automated flags are QC only.
img_d3c239af23a085e0b4d8,sted_blank_data,PN151_4R_CBD_DIV11 (Series 25) [1].tif,12eff853c2a70f0ebb18c69218150c4758a69428187eda43b24c0e84733957c7,PN151_4R_CBD_DIV11,synthetic_background_train,deterministic acquisition-group allocation for synthetic background and pure-blank QA pools,false,expert_validated,human_expert_review,STED expert,not_recorded,Expert-validated fiber-free blank; automated flags are QC only.
img_d48ab8d2ac1026abfc85,sted_blank_data,PN151_4R_CBD_DIV11 (Series 30) [1].tif,5d250094db98fe6e0bab93826b4e4b5383c082d1099ddd95b104470df5c939dd,PN151_4R_CBD_DIV11,synthetic_background_train,deterministic acquisition-group allocation for synthetic background and pure-blank QA pools,false,expert_validated,human_expert_review,STED expert,not_recorded,Expert-validated fiber-free blank; automated flags are QC only.
img_e8891781fa88057f59f7,sted_blank_data,PN151_4R_CBD_DIV11 (Series 3) [1].tif,146fdea28fb3feada7b5976e390945a237d62d47d867a1d4ac9be51fbc9c0fcd,PN151_4R_CBD_DIV11,synthetic_background_train,deterministic acquisition-group allocation for synthetic background and pure-blank QA pools,false,expert_validated,human_expert_review,STED expert,not_recorded,Expert-validated fiber-free blank; automated flags are QC only.
img_ee34a766ad48467dd7e1,sted_blank_data,PN151_4R_CBD_DIV11 (Series 24) [1].tif,da631f24d8e27e7df27a1cce35c9e6c9653a80d553da57b4e1edc75ce7735aaf,PN151_4R_CBD_DIV11,synthetic_background_train,deterministic acquisition-group allocation for synthetic background and pure-blank QA pools,false,expert_validated,human_expert_review,STED expert,not_recorded,Expert-validated fiber-free blank; automated flags are QC only.
img_eeb10bbc10a5ef3f859b,sted_blank_data,PN151_4R_CBD_DIV11 (Series 29) [1].tif,5c2d62e76d93f019f7b6acd4bec9bc2e764dcd08c3e39291809e3d00998adf32,PN151_4R_CBD_DIV11,synthetic_background_train,deterministic acquisition-group allocation for synthetic background and pure-blank QA pools,false,expert_validated,human_expert_review,STED expert,not_recorded,Expert-validated fiber-free blank; automated flags are QC only.
